,title,budget,revenue,runtime,movie_id,genre
0,Duck the Halls: A Mickey Mouse Christmas Special,0,0,22,845322,"TV Movie,Animation,Adventure,"
1,Ernest Saves Christmas,6000000,28202109,95,26386,"Comedy,Family,"
2,Ice Age: A Mammoth Christmas,0,0,26,79218,"Animation,Family,TV Movie,"
3,The Queen Family Singalong,0,0,41,903296,"Music,"
5,Becoming Cousteau,0,244223,94,774823,"Documentary,"
9,A Muppets Christmas: Letters To Santa,5000000,0,55,27190,"Family,Adventure,Comedy,"
10,Adventure Thru the Walt Disney Archives,0,0,60,719917,"Documentary,"
11,Puppy for Hanukkah,0,0,0,969605,
12,The Pixar Story,0,0,87,15302,"Documentary,"
14,America the Beautiful,0,0,105,32630,"Documentary,"
15,Baymax!,0,0,42,779451,"Animation,Action,TV Movie,"
16,Ciao Alberto,45223,0,7,876716,"Animation,Comedy,Family,Fantasy,"
19,Enchanted,85000000,340487652,107,4523,"Comedy,Family,Fantasy,Romance,"
20,Feast,3200000,658573,95,10070,"Action,Horror,Thriller,Comedy,"
21,Frozen Fever,0,0,8,326359,"Animation,Family,Adventure,Comedy,"
22,Get a Horse!,0,0,6,234567,"Animation,Family,Comedy,"
23,Home Sweet Home Alone,0,0,93,654974,"Family,Comedy,Action,"
24,Jungle Cruise,200000000,220889446,127,451048,"Action,Adventure,Fantasy,"
25,Limitless with Chris Hemsworth,,,,,
26,Marvel Studios’ 2021 Disney+ Day Special,0,0,14,877188,"Documentary,"
27,Obi-Wan Kenobi,0,0,60,1015606,"Documentary,"
29,Paperman,0,0,7,140420,"Animation,Family,Romance,"
30,Pixar 2021 Disney+ Day Special,0,0,4,897298,"Documentary,"
31,Shang-Chi and The Legend of The Ten Rings,150000000,432243292,132,566525,"Action,Adventure,Fantasy,"
32,Spin,0,0,93,734858,"TV Movie,Family,Drama,Music,"
33,Tangled Ever After,0,0,6,82881,"Animation,Comedy,Action,Family,"
34,The Ballad of Nessie,0,0,6,76346,"Animation,Family,Fantasy,"
35,The Little Matchgirl,0,0,7,38580,"Animation,Drama,"
36,The Making of Happier Than Ever: A Love Letter to Los Angeles,0,0,30,896834,"Documentary,Music,"
37,The Proud Family: Louder and Prouder,,,,,
38,The Simpsons in Plusaversary,0,0,4,877183,"Animation,Comedy,Fantasy,"
39,Tick Tock Tale,0,0,7,352812,"Animation,"
40,Under the Helmet: The Legacy of Boba Fett,0,0,21,877181,"Documentary,"
41,Willow,35000000,57269863,126,847,"Action,Adventure,Fantasy,"
42,Alvin and the Chipmunks: Chipwrecked,75000000,342695435,87,55301,"Comedy,Fantasy,Family,Music,Animation,"
43,Jingle All The Way,60000000,129832389,89,9279,"Family,Comedy,Adventure,"
44,Jingle All the Way 2,10000000,0,93,289728,"Family,Comedy,"
45,Prep & Landing: Operation Secret Santa,0,0,22,26809,"Animation,Fantasy,Family,"
46,Santa Buddies: The Legend of Santa Paws,0,0,88,24833,"Family,Adventure,"
47,Snow Buddies,4000000,50802372,87,14059,"Family,Adventure,"
48,Space Buddies,0,0,84,14749,"Comedy,Adventure,Drama,Family,"
49,The Search for Santa Paws,0,0,89,48844,"Family,Adventure,"
50,X-Men: First Class,0,0,30,691677,"Documentary,"
54,Bob Ballard: An Explorer's Life,0,0,44,855941,"Documentary,"
55,"McFarland, USA",0,45710059,128,228203,"Drama,Family,"
56,Rookie of the Year,31000000,56500758,103,21845,"Family,Comedy,"
57,Thumbelina,0,0,75,16418,"Animation,Family,"
60,Lost Cities with Albert Lin: The Great Flood,0,0,45,879086,"Documentary,"
61,Megacity of the Maya Warriors,,,,,
68,Just Roll With It: You Decide Live!,0,0,51,882723,
69,Mickey's Tale of Two Witches,0,0,46,864388,"Animation,"
70,Muppets Haunted Mansion,0,0,52,826914,"Comedy,Family,TV Movie,"
71,The Most Magical Story on Earth: 50 Years of Walt Disney World,0,0,84,880862,"Music,Documentary,TV Movie,"
72,Under Wraps,0,0,83,936061,"Family,Fantasy,TV Movie,"
74,Black Widow,200000000,379751655,134,497698,"Action,Adventure,Science Fiction,"
77,Fauci,0,0,104,825422,"Documentary,"
80,Alvin and the Chipmunks,60000000,361366633,92,6477,"Comedy,Family,Fantasy,Animation,"
81,Alvin and the Chipmunks: The Road Chip,90000000,233755553,92,258509,"Adventure,Animation,Comedy,Family,"
82,LEGO Star Wars Terrifying Tales,0,0,45,857702,"Animation,Family,Science Fiction,Comedy,Action,Horror,"
83,Maleficent,180000000,758539785,97,102651,"Fantasy,Adventure,Action,Family,Romance,"
84,The Scariest Story Ever: A Mickey Mouse Halloween Spooktacular,0,0,22,765367,"Animation,Comedy,Family,Horror,"
93,A Spark Story,0,0,87,852724,"Documentary,"
94,Spooky Buddies,0,0,88,70587,"Comedy,Family,Mystery,TV Movie,"
95,The Fault in Our Stars,12000000,307166834,126,222935,"Romance,Drama,"
99,Confessions of a Shopaholic,40000000,108332743,104,20048,"Comedy,Romance,"
100,Descendants: Royal Wedding,0,0,22,805411,"Animation,TV Movie,Comedy,Family,Drama,"
101,Disney's Broadway Hits at London's Royal Albert Hall,0,0,115,538040,"Music,"
102,Flooded Tombs of the Nile,0,0,44,812410,"Documentary,History,"
103,Jade Eyed Leopard,0,0,45,790058,"Documentary,"
104,Nona,0,0,7,852721,"Animation,"
105,Smoky Mountain Park Rangers,0,0,42,862525,"Documentary,"
109,Far Away From Raven’s Home,0,0,11,872701,"Comedy,"
110,Pirates of the Caribbean: On Stranger Tides,380000000,1045713802,137,1865,"Adventure,Action,Fantasy,"
111,Twenty Something,0,0,7,852719,"Animation,Comedy,Drama,"
116,Happier Than Ever: A Love Letter to Los Angeles,0,0,65,853088,"Music,"
117,X-Men: Dark Phoenix,200000000,252442974,114,320288,"Science Fiction,Action,Adventure,"
120,Cruella,200000000,233503234,134,337404,"Comedy,Crime,"
121,Dan in Real Life,25000000,68474305,98,7211,"Comedy,Romance,Drama,"
122,Disney Princess Remixed - An Ultimate Princess Celebration,0,0,22,850056,"Music,"
123,Marvel One-Shot: All Hail the King,0,0,14,253980,"Action,Comedy,Fantasy,Thriller,"
124,Underdog,25000000,65270477,81,6589,"Family,Action,Adventure,Comedy,Fantasy,"
128,Eragon,100000000,249288105,104,2486,"Fantasy,Action,Adventure,Family,"
130,Fantastic Four,120000000,167977596,100,166424,"Action,Adventure,Science Fiction,"
131,X-Men,178000000,543934787,144,246655,"Action,Adventure,Science Fiction,Fantasy,"
137,Beverly Hills Chihuahua 2,12000000,0,84,54540,"Comedy,Family,"
138,Beverly Hills Chihuahua 3: Viva La Fiesta!,0,0,89,105965,"Comedy,Family,"
139,Killer Shark vs Killer Whale,0,0,44,850989,"Documentary,"
140,Mrs. Doubtfire,25000000,441286195,125,788,"Comedy,Drama,Family,"
143,Built for Mars: The Perseverance Rover,0,0,88,799040,"Documentary,"
144,Garfield,50000000,200804534,80,8920,"Animation,Comedy,Family,"
151,Ice Age: The Meltdown,80000000,660998756,91,950,"Animation,Family,Comedy,Adventure,"
152,Playing with Sharks,0,61404,95,776553,"Documentary,"
153,Shark vs. Surfer,0,0,44,843951,"Documentary,"
154,Shark vs. Whale,0,0,44,843979,"Documentary,"
155,Stuntman,0,0,84,562446,"Documentary,"
156,Walking with Dinosaurs: The Movie,80000000,126546518,87,77951,"Animation,Family,Adventure,"
157,What the Shark?,0,0,44,811282,"Documentary,"
163,Most Wanted Sharks,0,0,44,851013,"Documentary,"
164,Secrets of the Bull Shark,0,0,44,851012,"Documentary,"
166,Shark Attack Investigation: The Paige Winter Story,0,0,44,842007,"Documentary,"
167,Sharkcano,0,0,45,729619,"Documentary,"
168,We Bought a Zoo,50000000,120081841,124,74465,"Drama,Comedy,Family,"
169,World's Biggest Bullshark,0,0,44,841729,"Documentary,"
170,World's Most Dangerous Shark?,0,0,44,851122,"Documentary,"
172,Flicka,15000000,21000000,95,14012,"Family,Drama,"
173,"Miraculous World: Shanghai, The Legend of Ladydragon",0,0,52,726684,"Animation,Family,Adventure,Fantasy,Action,TV Movie,"
174,Orca vs. Great White,0,0,0,841673,"Documentary,"
175,Rogue Shark?,0,0,44,841674,"Documentary,"
176,Shark Beach with Chris Hemsworth,0,0,44,836691,"Documentary,"
177,Shark Gangs,0,0,44,842091,"Documentary,"
178,The Croc That Ate Jaws,0,0,44,988347,"Documentary,TV Movie,"
183,"The Good, The Bart, and The Loki",0,0,6,846214,"Animation,Comedy,Family,"
185,The Sandlot,0,32416586,101,11528,"Family,Comedy,"
186,The Sandlot 2,0,0,97,18500,"Family,Comedy,"
187,Adventures in Babysitting,9000000,0,95,360606,"TV Movie,Comedy,Family,"
190,Wolfgang,0,0,78,674419,"Documentary,"
194,Luca,200000000,49010641,95,508943,"Animation,Comedy,Family,Fantasy,"
197,Strange Magic,0,13603453,99,302429,"Music,Animation,Family,Fantasy,"
198,The Happiest Millionaire,0,0,118,25445,"Comedy,Drama,Family,Music,"
199,The Pacifier,56000000,198636868,95,10022,"Comedy,Family,Action,"
204,Raya and the Last Dragon,100000000,130000000,107,527774,"Animation,Family,Fantasy,Action,Adventure,"
205,Red Tails,58000000,50365377,125,72431,"Drama,Action,Adventure,History,War,"
206,Us Again,0,0,7,779047,"Animation,Drama,Family,"
207,American Eid,0,0,21,818336,"Drama,"
209,Dinner Is Served,0,0,21,818342,"Drama,"
211,Growing Fangs,0,0,19,818356,"Drama,"
213,Let's Be Tigers,0,0,15,818367,"Drama,"
214,The Last of the Chupacabras,0,0,14,818361,"Family,Fantasy,"
215,The Little Prince(ss),0,0,19,818370,"Family,Drama,"
220,Tinker Bell and the Legend of the NeverBeast,0,0,77,297270,"Adventure,Animation,Family,"
225,X-Men: The Last Stand,210000000,459359555,104,36668,"Adventure,Action,Science Fiction,Thriller,"
227,Fantastic Four: Rise of the Silver Surfer,130000000,301913131,92,1979,"Adventure,Fantasy,Action,Thriller,"
229,Wild Hearts Can't Be Broken,0,0,88,23438,"Drama,Family,"
230,"Maggie Simpson in ""The Force Awakens from its Nap""",0,0,3,825597,"Family,Animation,Comedy,Science Fiction,"
231,Star Wars Biomes,0,0,18,825647,"Science Fiction,Documentary,"
235,22 vs. Earth,0,0,9,811367,"Family,Comedy,Fantasy,Animation,"
237,Disney My Music Story SUKIMASWITCH,,,,,
239,Oklahoma!,0,0,148,13936,"Western,Music,Romance,"
240,Baby's Day Out,50000000,16671505,99,11212,"Family,Comedy,Adventure,Crime,Drama,"
241,Being the Queen,0,0,45,759993,"Documentary,"
247,Rio,90000000,484635760,96,46195,"Animation,Adventure,Comedy,Family,"
248,The Kid Who Would Be King,59000000,32140970,120,454294,"Action,Adventure,Fantasy,Family,"
249,Treasure Buddies,0,0,93,78047,"Adventure,Family,"
250,White Fang 2: Myth of the White Wolf,0,0,106,43643,"Adventure,Family,"
251,Cesar Millan: The Real Story,0,0,45,274989,"Documentary,"
254,Man of the House,40000000,21577624,100,13498,"Comedy,Action,"
255,Mark Twain and Me,0,0,93,103926,"Drama,TV Movie,"
256,Squanto: A Warrior's Tale,0,3337685,102,65158,"Adventure,"
257,Caravan of Courage: An Ewok Adventure,3000000,0,96,1884,"Adventure,Family,Fantasy,Science Fiction,TV Movie,"
258,Ewoks: The Battle for Endor,0,0,100,10372,"Adventure,Family,TV Movie,"
260,Island at the Top of the World,0,0,93,42453,"Adventure,Fantasy,Action,Science Fiction,Family,"
262,Night at the Museum,110000000,574480841,108,1593,"Action,Adventure,Comedy,Family,Fantasy,"
264,Sharks Of The Bermuda Triangle,0,0,44,806707,"Documentary,"
266,Star Wars Vintage: Story of the Faithful Wookiee,,,,,
268,The Big Year,41000000,8179416,100,73937,"Comedy,"
269,The Last Ice,500000,0,83,742241,"Documentary,"
270,Third Man on the Mountain,0,0,105,64867,"Adventure,Drama,Family,"
272,Gnomeo & Juliet,36000000,189712432,84,45772,"Animation,Family,"
276,Disney My Music Story: Perfume,0,0,71,800740,"Music,Documentary,"
279,Doc McStuffins: The Doc Is In,0,0,24,773661,
281,Miss Peregrine's Home for Peculiar Children,110000000,296482446,127,283366,"Fantasy,Adventure,Family,Drama,"
282,Own the Room,0,0,91,794836,"Documentary,"
283,Garfield: A Tail of Two Kitties,60000000,141702264,78,9513,"Animation,Comedy,Family,Adventure,"
290,Myth: A Frozen Tale,0,0,11,816688,"Animation,Family,Fantasy,"
291,Okavango: River of Dreams,0,0,0,653750,"Documentary,"
294,Shanghai Disney Resort Grand Opening Gala,0,0,25,787929,"Music,"
295,Cheaper By the Dozen,0,0,107,691683,"Family,Comedy,"
296,Cheaper by the Dozen 2,60000000,129181830,94,9641,"Comedy,Family,Adventure,"
297,Flora & Ulysses,0,0,91,621876,"Family,Adventure,Comedy,Fantasy,"
298,The Book of Life,50000000,97437106,95,228326,"Animation,Adventure,Comedy,Family,Fantasy,"
301,Marvel's Behind the Mask,0,0,64,787923,"Documentary,"
302,Rodgers & Hammerstein's Cinderella,0,0,60,768000,
303,You Again,20000000,32054369,105,38303,"Comedy,Romance,"
304,Disney My Music Story: Yoshiki,0,0,47,787922,"Music,Documentary,"
305,Expedition Everest,0,0,45,722836,"Documentary,"
306,Upside-Down Magic,0,0,96,671583,"Fantasy,Family,TV Movie,"
309,Texas Storm Squad,0,0,44,776525,"Documentary,"
311,Wild Uganda,0,0,45,776513,"Documentary,"
313,Isle of Dogs,62770198,64241499,101,399174,"Adventure,Comedy,Animation,"
314,Mary Poppins Returns,130000000,348807090,131,400650,"Fantasy,Family,Comedy,"
317,Ferdinand,111000000,295038508,108,364689,"Animation,Family,Adventure,Comedy,"
319,Toy Story: That Time Forgot,0,0,22,256835,"Animation,Family,Adventure,Comedy,"
320,700 Sharks,0,0,92,530838,"Documentary,"
321,Big Sharks Rule,0,0,44,781792,"Documentary,"
322,Dr. Seuss' Horton Hears a Who!,85000000,298572799,86,12222,"Animation,Comedy,Family,Adventure,Fantasy,"
323,Great Shark Chow Down,0,0,0,616060,"Documentary,"
324,Mega Hammerhead,0,0,60,405266,"Documentary,"
325,Burrow,0,0,6,747059,"Animation,Family,Comedy,"
328,Max Keeble's Big Move,25000000,18634654,86,34549,"Comedy,Family,"
329,Soul,150000000,136384442,101,508442,"Animation,Family,Comedy,Fantasy,Drama,"
330,Arendelle Castle Yule Log,0,0,180,665287,"Animation,Drama,"
331,Buried Truth of the Maya,0,0,47,743270,"Documentary,History,Mystery,"
333,Dory's Reef Cam,0,0,182,777350,"Family,Animation,Comedy,Adventure,"
334,Into the Woods,50000000,212902372,125,224141,"Fantasy,Comedy,"
335,"Miraculous World: New York, United Heroez",0,0,55,755812,"Animation,Family,Adventure,TV Movie,Fantasy,Action,"
338,Disney Channel's Epic Holiday Showdown,,,,,
339,Disney Holiday Magic Quest,0,0,0,766209,
340,Gender Revolution: A Journey With Katie Couric,0,0,90,438962,"Documentary,TV Movie,"
341,High School Musical: The Musical: The Holiday Special,0,0,45,751126,"Music,Documentary,"
342,Ralph Breaks the Internet,175000000,529221154,112,404368,"Family,Animation,Comedy,Adventure,"
343,Safety,0,0,122,727306,"Family,Drama,History,"
344,Anastasia,53000000,139804348,94,9444,"Animation,Family,Fantasy,Adventure,"
345,Godmothered,0,0,113,662546,"Family,Fantasy,Comedy,"
346,Man vs. Shark,0,0,44,616902,"Documentary,TV Movie,"
347,Mulan,90000000,304320254,88,10674,"Animation,Family,Adventure,"
348,Sky High,35000000,86369815,100,11459,"Adventure,Comedy,Family,"
349,The Disney Holiday Singalong,0,0,45,769647,"Music,Comedy,"
350,The Nutcracker and the Four Realms,120000000,59522646,99,426543,"Fantasy,Adventure,Family,"
351,"Alexander and the Terrible, Horrible, No Good, Very Bad Day",28000000,100654149,81,218778,"Family,Comedy,"
352,Black Beauty,0,0,110,526702,"Drama,"
353,From Our Family to Yours,0,0,3,764203,"Animation,Drama,"
356,Folklore: the long pond studio sessions,0,0,106,768141,"Music,Documentary,"
359,Planes,50000000,219788712,91,151960,"Animation,Family,Adventure,Comedy,"
360,Planes: Fire & Rescue,50000000,151165787,83,218836,"Animation,Comedy,Adventure,Family,"
361,The Real Right Stuff,0,0,90,753325,"Documentary,History,"
363,LEGO Star Wars Holiday Special,0,0,44,732670,"Animation,Family,Adventure,Comedy,Science Fiction,"
364,Home Alone,32000000,79082515,102,9714,"Comedy,Family,"
365,Home Alone 2: Lost in New York,18000000,358994850,120,772,"Comedy,Family,Adventure,"
366,Home Alone 3,32000000,79082515,102,9714,"Comedy,Family,"
368,Petra: Secrets of the Ancient Builders,0,0,44,756985,"Documentary,"
369,Ultimate Viking Sword,0,0,44,765158,"Documentary,History,"
370,Disney's A Christmas Carol,200000000,325286646,94,17979,"Animation,Family,Drama,Fantasy,"
373,Mr. Magoo,30000000,75000000,84,9438,"Comedy,Family,"
374,Prep & Landing,0,0,22,26809,"Animation,Fantasy,Family,"
375,Prep & Landing: Naughty vs. Nice,0,0,22,26809,"Animation,Fantasy,Family,"
376,Disney Channel Halloween House Party,0,0,23,754560,"Comedy,Family,"
378,The Sorcerer's Apprentice,150000000,215283742,109,27022,"Fantasy,Adventure,Action,"
383,Once Upon a Snowman,0,0,7,741074,"Animation,Family,Comedy,Fantasy,"
384,Pompeii: Secrets Of The Dead,0,0,0,662389,"Documentary,"
385,Toy Story of Terror!,0,0,22,213121,"Adventure,Animation,Comedy,Family,"
386,Beverly Hills Chihuahua,20000000,149281606,91,14405,"Comedy,Family,Adventure,Romance,"
387,Clouds,0,0,121,630566,"Music,Drama,Romance,"
388,Lost on Everest,0,0,60,704854,"Documentary,"
389,Marvel's Iron Man & Captain America: Heroes United,200000000,1214811252,130,68721,"Action,Adventure,Science Fiction,"
392,Oil Spill of The Century,0,0,44,749079,"Documentary,"
393,The Chronicles Of Narnia: The Voyage of the Dawn Treader,155000000,415686217,113,10140,"Adventure,Family,Fantasy,"
395,Wild Portugal,0,0,44,751545,"Documentary,TV Movie,"
396,X2,16400000,0,108,16820,"Action,Thriller,"
397,Mr. Holland's Opus,31000000,106269971,137,2054,"Drama,Music,Family,"
398,Disneynature Oceans,0,19406406,84,36970,"Documentary,Family,"
399,Hidden Figures,25000000,235956898,127,381284,"Drama,History,"
401,Secret Society of Second-Born Royals,0,0,97,621870,"Action,Adventure,Comedy,Fantasy,"
402,The Giant Robber Crab,0,0,44,746664,"Documentary,"
408,Ever After: A Cinderella Story,26000000,65705772,121,9454,"Drama,Romance,Comedy,"
410,Morning Light,0,0,97,31237,"Documentary,"
411,Notre Dame: Race Against The Inferno,0,0,44,667211,"Documentary,"
415,Christopher Robin,75000000,99138899,104,420814,"Adventure,Comedy,Family,Fantasy,"
416,D2: The Mighty Ducks,0,45610410,106,11164,"Comedy,Action,Family,Drama,"
417,D3: The Mighty Ducks,0,22955097,104,10680,"Comedy,Action,Family,Drama,"
419,Trick or Treat,0,0,78,1015724,"Adventure,Mystery,Comedy,Animation,Family,"
420,Alice Through the Looking Glass,170000000,299457024,113,241259,"Adventure,Family,Fantasy,"
421,Phineas and Ferb The Movie: Candace Against the Universe,0,0,84,594328,"Family,Animation,Science Fiction,Comedy,TV Movie,"
422,Back to the Titanic,0,0,45,682666,"Documentary,"
423,Beauty and the Beast,25000000,424967620,84,10020,"Romance,Family,Animation,Fantasy,"
424,Mars: One Day on the Red Planet,0,0,88,664027,"Documentary,"
425,The One and Only Ivan,0,0,93,508570,"Family,Comedy,Drama,"
428,Disney Zombies 2,,,,,
429,India's Wild Leopards,0,0,44,732965,"Documentary,"
431,Magic Camp,24000000,0,100,454433,"Family,Fantasy,Comedy,"
432,Marvel Studios' Ant-Man and the Wasp,0,0,120,640146,"Adventure,Science Fiction,Comedy,"
437,The Greatest Showman,84000000,432844677,105,316029,"Drama,"
440,Howard,37000000,37962774,110,10658,"Comedy,Fantasy,Science Fiction,"
441,Prince of Persia: The Sands of Time,200000000,336365676,116,9543,"Adventure,Fantasy,Action,"
442,Star Wars: Galaxy's Edge-Adventure Awaits,0,0,81,624371,"Documentary,"
443,The Hidden Kingdoms of China,0,0,88,941407,"Documentary,"
444,The Peanuts Movie,99000000,246233113,88,227973,"Adventure,Comedy,Animation,Family,"
448,Big Cat Games,0,0,44,721509,"Family,Documentary,"
449,Black Is King,0,0,85,719643,"Music,"
450,Cradle of the Gods,0,0,0,586985,"Documentary,History,"
453,Hunt for the Abominable Snowman,0,0,45,729245,"Documentary,"
454,Incredibles 2,200000000,1242805359,118,260513,"Action,Adventure,Animation,Family,"
456,Lost Temple of the Inca,0,0,0,672491,"Documentary,History,Mystery,"
459,Surviving the Mount St. Helens Disaster,0,0,45,714418,"Documentary,"
461,Pirates of the Caribbean: Dead Men Tell No Tales,230000000,794861794,129,166426,"Adventure,Action,Fantasy,"
466,A Pre-Opening Report from Disneyland,0,0,55,720696,"Documentary,History,Family,"
467,Diary of a Wimpy Kid: The Long Haul,22000000,40120144,91,417830,"Comedy,Family,"
469,Lost City of Machu Picchu,0,0,44,713584,"Documentary,History,"
471,The Mouseketeers at Walt Disney World,0,0,0,721497,"Adventure,Drama,Family,"
473,X-Men: Apocalypse,178000000,543934787,144,246655,"Action,Adventure,Science Fiction,Fantasy,"
475,Hamilton: History Has Its Eyes on You,0,0,46,723212,"Documentary,"
476,Solo: A Star Wars Story,250000000,392952373,135,348350,"Science Fiction,Adventure,Action,"
477,X-Men: Days of Future Past,250000000,747862775,132,127585,"Action,Adventure,Science Fiction,"
478,The Undefeated Presents: Hamilton In-Depth,0,0,33,726430,"Documentary,"
480,Diary of a Wimpy Kid: Rodrick Rules,0,0,74,897192,"Animation,Comedy,Family,"
481,Hamilton,0,0,160,556574,"History,Drama,"
482,Ice Age: Collision Course,105000000,408579038,95,278154,"Adventure,Animation,Family,Comedy,Science Fiction,"
483,Race to Witch Mountain,50000000,106303988,98,13836,"Adventure,Family,Fantasy,Science Fiction,Thriller,Action,"
484,The Big Green,0,0,100,26441,"Action,Adventure,Comedy,Family,"
485,The Mighty Ducks,0,45610410,106,11164,"Comedy,Action,Family,Drama,"
486,While You Were Sleeping,17000000,182057016,103,2064,"Romance,Comedy,"
489,Man in Space,0,0,49,205188,"Science Fiction,Documentary,"
490,Mars and Beyond,0,0,55,725864,
491,Marvel Studios' Avengers: Infinity War,300000000,2046239637,149,299536,"Adventure,Action,Science Fiction,"
492,Tarzan,130000000,448191819,88,37135,"Family,Adventure,Animation,Drama,"
493,Tarzan II,0,0,72,15657,"Adventure,Animation,Family,"
495,Big Sur: Wild California,0,0,47,71923,"Documentary,"
497,Egypt's Treasure Guardians,0,0,0,432246,
498,The Jungle Book,4000000,205843612,78,9325,"Family,Animation,Adventure,"
499,The Pirate Fairy,0,20300000,78,175112,"Animation,Family,"
500,Trail Mix-Up,0,0,8,83203,"Comedy,Animation,"
501,Tummy Trouble,0,0,7,83200,"Comedy,Animation,"
502,Artemis Fowl,125000000,0,94,475430,"Adventure,Fantasy,Science Fiction,Family,Action,"
504,The Liberty Story,0,0,48,707260,"Adventure,Drama,Family,"
505,The Story of the Animated Drawing,0,0,49,709647,"Documentary,"
506,Walt & El Grupo,0,0,120,278247,"Drama,"
508,America's Greatest Animals,0,0,96,709660,"Documentary,"
509,Chasing the Equinox,0,0,45,711564,"Documentary,"
512,Percy Jackson & The Olympians: The Lightning Thief,95000000,226497209,118,32657,"Adventure,Fantasy,Family,"
516,Women Of Impact: Changing The World,0,0,0,669441,"Documentary,"
517,"Maggie Simpson in ""The Longest Daycare""",0,0,5,116440,"Animation,Drama,Family,"
518,Mickey and the Seal,0,0,7,67001,"Animation,Comedy,Family,"
520,The Moon-Spinners,0,0,118,42795,"Mystery,Family,Thriller,Romance,"
522,Fantastic Mr. Fox,40000000,46471023,87,10315,"Adventure,Animation,Comedy,Family,"
523,"Hello, Dolly!",24000000,33208099,146,14030,"Comedy,Romance,Music,"
525,Out,175000000,857611174,95,150540,"Animation,Family,Adventure,Drama,Comedy,"
527,The Boys: The Sherman Brothers' Story,0,0,101,64831,"Documentary,Music,"
529,Maleficent: Mistress of Evil,185000000,491730089,119,420809,"Family,Fantasy,Adventure,Action,"
530,Star Wars: The Rise of Skywalker (Episode IX),250000000,1074144248,142,181812,"Adventure,Action,Science Fiction,"
531,John Carter,250000000,284139100,132,49529,"Action,Adventure,Science Fiction,"
534,Bride of Boogedy,0,0,90,47631,"Horror,Family,Comedy,TV Movie,"
537,George of the Jungle,55000000,174463257,93,10603,"Adventure,Comedy,Family,Romance,"
538,Homeward Bound II: Lost in San Francisco,0,32709423,89,25059,"Adventure,Comedy,Drama,Family,"
539,Homeward Bound: The Incredible Journey,0,0,84,6878,"Adventure,Comedy,Drama,Family,"
540,How to Play Baseball,0,0,8,66983,"Comedy,Animation,"
541,In Beaver Valley,0,0,32,162352,"Documentary,"
544,Nature's Half Acre,0,0,33,179182,"Documentary,"
546,Prowlers of the Everglades,0,0,32,179185,"Documentary,"
547,The Princess Bride,16000000,30861665,99,2493,"Adventure,Family,Fantasy,Comedy,Romance,"
550,Water Birds,0,0,30,179184,"Documentary,Family,"
551,National Treasure,100000000,347512318,131,2059,"Adventure,Action,Thriller,Mystery,"
552,Born Wild: The Next Generation,0,0,60,687290,"Documentary,"
554,The Olympic Elk,0,0,27,179183,"Documentary,"
556,Jane Goodall: The Hope,0,0,88,694059,"Documentary,Adventure,"
559,Let's Stick Together,0,0,7,66989,"Animation,"
560,Pluto's Purchase,0,0,7,164976,"Animation,"
562,A Celebration of the Music from Coco,0,0,47,691582,"Music,Documentary,"
564,"Maggie Simpson in ""Playdate with Destiny""",0,0,4,673595,"Animation,Comedy,Family,Romance,"
567,A Tale of Two Critters,0,0,48,290164,"Adventure,Family,Documentary,"
568,All in a Nutshell,0,0,7,49077,"Animation,"
569,Disneynature Penguins,,,,,
570,Diving with Dolphins,0,0,79,689242,"Documentary,"
571,Dolphin Reef,0,0,76,454291,"Documentary,Family,"
572,Don's Fountain of Youth,0,0,6,55503,"Animation,"
573,Donald's Dog Laundry,0,0,8,55362,"Animation,"
574,Double Dribble,0,0,7,66850,"Animation,"
575,Dragon Around,0,0,7,55510,"Animation,Family,"
576,Elephant,0,0,93,843633,"Action,Crime,Thriller,"
577,Elmer Elephant,0,0,8,52482,"Animation,"
579,How To Play Football,0,0,7,66984,"Animation,"
580,In the Footsteps of Elephant,0,0,88,689243,"Documentary,"
581,"Lambert, The Sheepish Lion",0,0,8,54184,"Animation,"
582,On Ice,0,0,8,67152,"Animation,"
583,Onward,200000000,141592359,103,508439,"Family,Animation,Adventure,Comedy,Fantasy,"
584,Out of Scale,0,0,7,67158,"Animation,Family,"
585,Penguins: Life on the Edge,0,0,78,689244,"Documentary,"
586,Pluto's Party,0,0,7,67163,"Animation,"
587,Sea Scouts,0,0,8,78485,"Animation,"
589,The Boy Who Talked to Badgers,0,0,100,400400,"Family,Adventure,TV Movie,"
590,The New Neighbor,0,0,7,67593,"Animation,"
591,The Small One,0,0,26,27287,"Animation,Family,"
592,The Straight Story,10000000,6203044,112,404,"Drama,"
593,Frankenweenie,39000000,81493846,87,62214,"Animation,Comedy,Family,"
594,Mars Needs Moms,150000000,38992758,88,50321,"Adventure,Animation,Family,"
595,Prom,8000000,10130000,104,51588,"Comedy,Romance,"
596,The Last Song,20000000,89137047,107,35690,"Drama,Family,Romance,"
597,The Odd Life of Timothy Green,25000000,56012642,105,71864,"Fantasy,Drama,Comedy,Family,"
599,A Wrinkle in Time,103000000,132675864,109,407451,"Adventure,Science Fiction,Family,Fantasy,"
603,G-Force,150000000,292817841,88,19585,"Animation,Family,Fantasy,Action,Adventure,Comedy,"
604,Frozen 2,0,0,71,490935,"Animation,Music,Family,"
605,Stargirl,0,0,107,382748,"Comedy,Drama,Romance,Family,"
606,The Finest Hours,80000000,52099090,117,300673,"Action,Drama,History,Thriller,"
607,The Sandlot: Heading Home,0,0,96,21138,"Family,"
608,Bedtime Stories,80000000,212874864,99,10202,"Fantasy,Comedy,Family,Romance,"
609,Marvel Studios' Black Panther,200000000,1347597973,135,284054,"Action,Adventure,Science Fiction,"
611,Disney Phineas and Ferb: Phineas and Ferb Star Wars,,,,,
613,Viking Warrior Women,0,0,44,691115,"Documentary,History,TV Movie,"
616,Marvel Rising: Operation Shuri,0,0,22,592688,"Family,Animation,Science Fiction,Adventure,"
617,Marvel Rising: Playing With Fire,0,0,44,592689,"Animation,Action,Adventure,Family,"
619,Marvel's Iron Man & Hulk: Heroes United,200000000,1214811252,130,68721,"Action,Adventure,Science Fiction,"
620,Because of Winn-Dixie,14000000,32645546,106,17880,"Family,Comedy,Drama,"
622,"My Dog, the Thief",0,0,88,64277,"Family,Comedy,TV Movie,"
623,Splash,8000000,69821334,111,2619,"Comedy,Fantasy,Romance,"
625,Timmy Failure: Mistakes Were Made,45000000,0,99,550440,"Family,Mystery,Comedy,Fantasy,"
626,Toy Story 4,175000000,1073394593,100,301528,"Family,Adventure,Animation,Comedy,Fantasy,"
627,Descendants 3,15000000,0,106,506574,"Family,TV Movie,Music,Adventure,Fantasy,"
628,Around the World in 80 Days,110000000,72178895,120,10204,"Action,Adventure,Comedy,"
629,Big Business,0,0,97,12710,"Comedy,"
630,Lamp Life,0,0,7,594530,"Animation,Comedy,Family,"
631,The Lion King,45000000,763455561,89,8587,"Family,Animation,Drama,"
640,Destino,5308245,3468053,89,800823,"Comedy,Family,"
641,Forky Asks a Question: What is Reading?,0,0,4,662666,"Animation,Family,Comedy,"
642,Loop,0,0,10,574089,"Animation,Family,"
644,Aladdin (2019),,,,,
645,Forky Asks a Question: What is Cheese?,0,0,3,660867,"Animation,Family,Comedy,"
648,Cars Toon: El Materdor,0,0,3,39030,"Animation,"
649,Cars Toon: Moon Mater,0,0,4,148608,"Animation,Comedy,"
650,Cars Toon: Rescue Squad Mater,0,0,3,56553,"Animation,Family,Comedy,"
651,Cars Toon: Spinning,,,,,
652,Cars Toon: Time Travel Mater,,,,,
653,Cars Toon: Tokyo Mater,,,,,
654,Cars Toon: Unidentified Flying Mater,0,0,4,171536,"Animation,Comedy,Family,Adventure,"
655,Cars Toons: Bugged,,,,,
656,Cool Runnings,14000000,154856263,98,864,"Comedy,Adventure,Drama,"
657,Drain Alcatraz,0,0,45,537287,"Documentary,"
658,Drain The Bermuda Triangle,2000000,4000000,50,423431,"Documentary,"
659,Drain The Great Lakes,0,0,60,215147,"Documentary,"
660,Drain The Ocean: WWII,0,0,45,428843,"Documentary,"
661,Drain The Sunken Pirate City,0,0,47,587026,"Documentary,History,"
662,Drain The Titanic,0,0,46,428950,"Documentary,"
664,Hacksaw,40000000,175302354,139,324786,"Drama,History,War,"
665,Holes,20000000,71406573,117,8326,"Adventure,Family,Drama,Comedy,"
666,Marvel 75 Years: From Pulp to Pop!,0,0,41,299969,"Documentary,"
667,Marvel Rising: Battle of The Bands,0,0,22,592687,"Family,Animation,Action,Comedy,Science Fiction,"
670,Super Rhino,0,0,5,16604,"Animation,Comedy,"
674,Forky Asks a Question: What is a Pet?,0,0,4,660866,"Animation,Family,Comedy,"
675,Star Wars: The Last Jedi (Episode VIII),200000000,1332698830,152,181808,"Adventure,Action,Science Fiction,"
676,Forky Asks a Question: What is a Leader?,0,0,3,660862,"Animation,Family,Comedy,"
677,George of the Jungle 2,12000000,0,87,26264,"Adventure,Comedy,Family,"
678,High School Musical: The Musical: The Series: The Special,0,0,23,658938,"Documentary,Music,"
680,Togo,0,0,95,884363,"Crime,Drama,"
681,Forky Asks a Question: What is a Computer?,0,0,3,660861,"Animation,Family,Comedy,"
682,Wind,0,0,123,1033107,"Crime,Drama,"
683,Forky Asks a Question: What is Love?,0,0,4,660859,"Animation,Family,Comedy,"
685,Marvel Studios' Thor: Ragnarok,180000000,853977126,131,284053,"Action,Adventure,Fantasy,Science Fiction,Comedy,"
687,One Day at Disney,0,0,59,655571,"Documentary,"
689,Expedition Amelia,0,0,95,619271,"Documentary,History,TV Movie,"
690,Glory Road,0,42647449,118,9918,"Drama,History,"
692,Incredible! The Story of Dr. Pol,0,0,44,696888,"Documentary,"
693,Marvel Rising: Chasing Ghosts,0,0,22,576743,"Family,Animation,Action,Adventure,"
694,Marvel Rising: Heart of Iron,0,0,44,583209,"Animation,Family,Science Fiction,Action,"
698,The Incredible Dr. Pol: Blue Ribbon Kids,,,,,
699,Coco,175000000,800526015,105,354912,"Family,Animation,Fantasy,Music,Comedy,Adventure,"
700,Coco (in Spanish),,,,,
701,Forky Asks a Question: What is Time?,0,0,3,660858,"Animation,Family,Comedy,"
702,The Wonderful World of Disney Presents The Little Mermaid Live!,0,0,90,642271,"Music,"
703,Forky Asks a Question: What is Art?,0,0,4,660856,"Animation,Family,Comedy,"
705,"Happy Birthday, Mickey!",,,,,
706,Forky Asks a Question: What is a Friend?,0,0,3,660855,"Animation,Family,Comedy,"
707,10 Things I Hate About You,16000000,53478166,97,4951,"Comedy,Romance,Drama,"
708,101 Dalmatians,54000000,320689294,103,11674,"Family,Comedy,"
709,101 Dalmatians II: Patch's London Adventure,0,0,74,13654,"Family,Adventure,Comedy,Animation,"
710,102 Dalmatians,85000000,183611771,100,10481,"Family,Comedy,"
711,12 Dates of Christmas,0,0,89,81393,"TV Movie,Comedy,Family,Fantasy,Romance,"
712,"20,000 Leagues Under the Sea",5000000,28200000,127,173,"Adventure,Drama,Family,Fantasy,Science Fiction,Action,"
713,A Bug's Life,120000000,363258859,95,9487,"Adventure,Animation,Comedy,Family,"
714,A Goofy Movie,18000000,35348597,78,15789,"Romance,Animation,Family,Comedy,Adventure,"
715,A Kid in King Arthur's Court,0,0,89,37108,"Adventure,Fantasy,Comedy,Science Fiction,Family,"
716,A Knight for a Day,0,0,7,66816,"Animation,"
717,A Ring of Endless Light,0,0,88,126934,"TV Movie,Romance,Drama,Family,"
718,Aladdin (1992),,,,,
719,Aladdin and the King of Thieves,0,0,81,11238,"Adventure,Animation,Family,"
720,Aladdin: The Return of Jafar,3500000,0,69,15969,"Family,Adventure,Animation,Romance,"
721,Alice in Wonderland,200000000,1025467110,108,12155,"Family,Fantasy,Adventure,"
722,Aliens of the Deep,0,0,95,22559,"Documentary,"
723,Alley Cats Strike!,0,0,87,72753,"Family,Drama,Comedy,TV Movie,"
724,Almost Angels,0,0,93,103706,"Comedy,Family,Music,"
725,America's Heart & Soul,0,314402,84,48732,"Documentary,Family,"
726,Amy,0,8413144,128,331781,"Documentary,Music,"
727,An Extremely Goofy Movie,0,0,79,15653,"Animation,Family,Comedy,"
729,Annie,65000000,133821816,119,196867,"Comedy,Drama,Family,"
730,Apollo: Missions To The Moon,0,0,94,613341,"Documentary,History,"
731,Atlantis Rising,0,0,93,447829,"Documentary,Adventure,Mystery,"
732,Atlantis: Milo's Return,0,0,70,8965,"Fantasy,Animation,Science Fiction,Family,Action,"
733,Atlantis: The Lost Empire,120000000,186053725,95,10865,"Animation,Family,Adventure,Science Fiction,"
734,Auntie Edna,0,0,5,546728,"Animation,Comedy,Family,Science Fiction,"
735,Avatar,237000000,2920357254,162,19995,"Action,Adventure,Fantasy,Science Fiction,"
736,Babes in the Woods,16855,0,8,80928,"Animation,"
737,Babes in Toyland,0,0,73,25898,"Comedy,Family,Fantasy,"
738,Bambi,858000,267447150,70,3170,"Animation,Drama,Family,"
739,Bambi II,0,0,72,13205,"Animation,Drama,Family,"
740,Bao,0,0,8,514754,"Animation,Family,Fantasy,"
741,Beach Picnic,0,0,8,53453,"Animation,"
742,Bearly Asleep,0,0,7,54163,"Animation,"
743,Beauty and the Beast: Belle's Magical World,0,0,92,20235,"Animation,Family,"
744,Beauty and the Beast: The Enchanted Christmas,0,0,72,13313,"Animation,Family,Fantasy,"
745,Beezy Bear,0,0,7,54167,"Animation,"
746,Before the Flood,0,0,93,410718,"Documentary,"
747,Benji the Hunted,0,22257624,88,21299,"Action,Adventure,Family,"
750,Big Hero 6,165000000,657827828,102,177572,"Adventure,Family,Animation,Action,Comedy,"
752,Bizarre Dinosaurs,0,0,48,210268,"Documentary,TV Movie,"
753,Blank Check,13000000,0,93,13962,"Comedy,Family,"
754,Boat Builders,0,0,7,66824,"Animation,"
755,Bolt,150000000,309979994,98,13053,"Animation,Family,Adventure,Comedy,"
756,Bone Bandit,0,0,7,164901,"Animation,"
758,Boundin',0,0,5,13062,"Animation,Family,Music,Comedy,"
760,Brave,185000000,538983207,93,62177,"Animation,Adventure,Comedy,Family,Action,Fantasy,"
761,Brave Little Toaster to the Rescue,0,0,74,20378,"Animation,Comedy,Family,Fantasy,"
762,Breaking2,0,0,55,456231,"Documentary,"
763,Brink!,0,0,99,15043,"Drama,TV Movie,Family,"
764,Brother Bear,128000000,250397798,85,10009,"Adventure,Animation,Family,"
765,Brother Bear 2,0,0,73,10010,"Adventure,Animation,Family,"
766,Buffalo Dreams,0,0,90,161594,"TV Movie,Family,Drama,"
768,BURN-E,0,0,8,13413,"Animation,Family,"
769,Cadet Kelly,0,0,101,14008,"Family,TV Movie,Comedy,"
770,Camp Nowhere,0,0,96,17745,"Comedy,Drama,Family,"
771,Camp Rock,0,0,98,13655,"Family,Music,Comedy,Drama,TV Movie,Romance,"
772,Camp Rock 2: The Final Jam,0,0,104,44244,"Comedy,Music,TV Movie,"
773,Can of Worms,0,0,90,82401,"Comedy,Family,Science Fiction,TV Movie,"
774,Candleshoe,0,0,101,14612,"Family,"
775,Canine Caddy,0,0,7,68490,"Animation,Comedy,Family,"
776,Cars,120000000,461983149,117,920,"Animation,Adventure,Comedy,Family,"
777,Cars 2,200000000,559852396,106,49013,"Animation,Family,Adventure,Comedy,"
778,Cars 3,175000000,383925276,102,260514,"Animation,Adventure,Comedy,Family,"
779,Cars Toon: Air Mater,0,0,6,145316,"Animation,Family,"
780,Cars Toon: Heavy Metal Mater,0,0,4,148607,"Animation,"
781,Cars Toon: Hiccups,,,,,
782,Cars Toon: Mater Private Eye,0,0,5,148606,"Animation,Comedy,Family,Mystery,"
783,Cars Toon: Mater the Greater,0,0,4,140967,"Animation,Family,"
784,Cars Toon: Monster Truck Mater,0,0,5,148605,"Animation,Comedy,Family,Adventure,Action,"
785,Cars Toon: The Radiator Springs 500 1/2,0,0,6,286189,"Animation,Family,Comedy,"
786,Casebusters,0,0,47,275337,"Crime,Mystery,Adventure,TV Movie,Family,"
787,Cheetah,0,0,90,27621,"Family,Comedy,Drama,Music,TV Movie,"
788,Chef Donald,0,0,7,53474,"Animation,"
789,Chicken Little,150000000,314432665,81,9982,"Animation,Family,Comedy,"
791,Chip an' Dale,0,0,7,53478,"Animation,Family,"
792,Cinderella,2900000,263591415,74,11224,"Family,Fantasy,Animation,Romance,"
793,Cinderella II: Dreams Come True,5000000,0,74,14128,"Family,Animation,Romance,Fantasy,"
794,Cinderella III: A Twist in Time,0,0,74,16119,"Animation,Romance,Family,Fantasy,"
795,Clock Cleaners,0,0,9,66834,"Animation,"
796,Cloud 9,0,0,90,245473,"Family,Action,Drama,Romance,TV Movie,"
797,College Road Trip,25000000,51549674,83,13493,"Comedy,Family,Action,Adventure,"
798,Confessions of a Teenage Drama Queen,15000000,29331068,89,11132,"Comedy,"
800,Corn Chips,0,0,7,53751,"Animation,Family,"
801,Cow Belles,5000000,0,90,24801,"TV Movie,Comedy,Family,Romance,"
803,Dadnapped,4500000,0,84,22084,"Family,TV Movie,Comedy,Action,Adventure,"
804,Darby O'Gill and the Little People,0,0,93,18887,"Adventure,Family,Fantasy,Romance,"
806,Davy Crockett and the River Pirates,0,0,81,50717,"Action,Adventure,Family,Western,"
807,"Davy Crockett, King of the Wild Frontier",0,0,93,35115,"Action,Adventure,Family,Western,"
808,Day & Night,0,0,113,755566,"Action,Fantasy,Horror,Comedy,"
809,Decorating Disney: Holiday Magic,0,0,58,492690,"Documentary,Music,"
810,Deep Blue,5000000,0,100,703745,"Action,Horror,Science Fiction,"
811,Descendants 2,0,0,111,417320,"Family,Music,Fantasy,TV Movie,Adventure,Action,Romance,"
812,Diary Of A Wimpy Kid,0,0,74,897192,"Animation,Comedy,Family,"
813,Dinosaur,127500000,354248063,82,10567,"Family,Animation,"
814,Disney Adventures in Babysitting,,,,,
815,Disney Avalon High,,,,,
816,Disney Bad Hair Day,,,,,
818,Disney Den Brother,,,,,
819,Disney Descendants,,,,,
825,Disney Girl vs. Monster,,,,,
840,Disney Under The Sea: A Descendants Short Story,,,,,
843,Disney's Fairy Tale Weddings,,,,,
844,Disney's Fairy Tale Weddings: Holiday Magic,,,,,
851,Disney's The Kid,65000000,110317580,104,4244,"Fantasy,Comedy,Family,"
853,Disneyland Around the Seasons (Walt Disney's Wonderful World of Color: 1961-69),,,,,
854,Disneynature African Cats,5000000,30857747,89,57586,"Documentary,Adventure,"
855,Disneynature Bears,0,0,78,214314,"Documentary,"
856,Disneynature Born in China,0,0,76,355277,"Documentary,"
857,Disneynature Chimpanzee,5000000,34823764,78,72334,"Documentary,"
858,Disneynature Crimson Wing,,,,,
859,Disneynature Monkey Kingdom,0,16661077,81,295592,"Documentary,"
860,Disneynature Wings of Life,0,0,77,54985,"Documentary,"
862,Don't Look Under the Bed,0,0,93,70772,"TV Movie,Family,Horror,Comedy,"
863,Donald's Golf Game,0,0,8,55397,"Animation,"
864,Donald's Tire Trouble,0,0,7,55462,"Comedy,Animation,"
865,Double Teamed,0,0,92,108204,"TV Movie,Drama,Family,"
866,Doug's 1st Movie,0,0,77,16508,"Animation,Family,Comedy,"
868,DuckTales The Movie: Treasure of the Lost Lamp,0,18115724,74,10837,"Adventure,Animation,Family,Comedy,Fantasy,"
869,Dug's Special Mission,0,0,5,24589,"Animation,Comedy,Family,"
870,Dumbo,812000,1600000,64,11360,"Animation,Family,"
871,Early to Bed,0,0,8,55557,"Animation,"
872,Earth Live,0,0,120,465987,"Documentary,"
873,Easter Island Unsolved,0,0,44,630904,"Documentary,"
874,Eddie's Million Dollar Cook-off,0,0,85,124097,"Comedy,Family,TV Movie,"
875,Eight Below,40000000,120455994,120,9036,"Adventure,Drama,Family,"
877,Emil and the Detectives,0,0,99,4542,"Action,Adventure,Comedy,Crime,"
878,Empire of Dreams: The Story of the Star Wars Trilogy,0,0,151,76180,"Documentary,"
880,Escape to Witch Mountain,0,20000000,97,14821,"Adventure,Fantasy,Science Fiction,Family,"
882,Expedition Mars: Spirit & Opportunity,0,0,88,429324,"Documentary,TV Movie,"
883,Fantasia,2280000,76411819,124,756,"Animation,Family,"
884,Fantasia 2000,80000000,60655420,74,49948,"Animation,Family,Music,"
887,Ferdinand the Bull,66260,0,8,47166,"Animation,Comedy,Family,"
888,Finding Dory,200000000,1028570889,97,127380,"Adventure,Animation,Comedy,Family,"
889,Finding Nemo,94000000,940335536,100,12,"Animation,Family,"
890,First Kid,0,0,101,12559,"Comedy,Family,"
891,Flight of the Navigator,9000000,18564613,90,10122,"Family,Science Fiction,Adventure,"
892,Float,0,0,76,1038043,"Horror,"
893,Flowers and Trees,15887,0,8,106112,"Animation,"
894,Flubber,80000000,177977226,93,9574,"Comedy,Family,Science Fiction,"
895,Food for Feudin',0,0,7,74965,"Animation,Family,"
896,For the Birds,0,0,3,13930,"Animation,Family,Comedy,"
897,Forky Asks a Question: What is Money?,0,0,3,660851,"Animation,Family,Comedy,"
898,Frank and Ollie,0,0,89,42981,"Documentary,"
899,Frankenweenie (Short),,,,,
900,Freaky Friday,26000000,160846332,97,10330,"Comedy,Family,Romance,Fantasy,"
901,Free Solo,0,21790193,100,515042,"Documentary,Adventure,"
902,Frenemies,0,0,86,84105,"Drama,Family,TV Movie,Comedy,"
903,Frozen,150000000,1274219009,102,109445,"Animation,Family,Adventure,Fantasy,"
904,Full-Court Miracle,0,0,90,158265,"TV Movie,Family,"
905,Fun and Fancy Free,0,0,73,46929,"Animation,Family,Music,"
906,Fuzzbucket,0,0,46,210103,"Adventure,Comedy,Family,TV Movie,"
908,Geek Charming,0,0,99,81250,"Comedy,Drama,Family,TV Movie,"
909,Genius,0,5681622,104,267192,"History,Drama,"
910,George & A.J.,0,0,88,918832,"Animation,Adventure,Comedy,"
911,Geri's Game,0,0,4,13929,"Animation,Family,"
912,Get a Clue,0,0,83,26189,"Family,Comedy,Mystery,TV Movie,"
913,Giants of the Deep Blue,0,0,44,546111,"Documentary,"
915,Go Figure,0,0,88,55504,"TV Movie,Comedy,Drama,Family,"
916,Going to the Mat,0,0,96,122987,"TV Movie,Drama,Family,"
918,"Good Luck Charlie, It's Christmas!",0,0,85,81440,"TV Movie,Comedy,Family,"
920,Gotta Kick it Up,0,0,78,124108,"TV Movie,Comedy,Drama,"
921,Grand Canyonscope,0,0,7,61447,"Animation,"
922,Grasshopper and the Ants,22120,0,8,81077,"Animation,"
924,Greyfriars Bobby,0,0,104,73772,"Drama,Family,"
925,Gus,0,0,96,20639,"Comedy,Family,"
926,Halloweentown,0,0,84,27850,"Adventure,Comedy,Family,Fantasy,TV Movie,"
927,Halloweentown High,0,0,82,34560,"Adventure,Comedy,Family,Fantasy,TV Movie,"
928,Halloweentown II: Kalabar's Revenge,0,0,81,34205,"Adventure,Family,Fantasy,TV Movie,"
931,Hannah Montana and Miley Cyrus: Best of Both Worlds Concert,7000000,70642966,82,253353,"Documentary,Music,"
932,Hannah Montana The Movie,35000000,155545279,102,18126,"Comedy,Drama,Family,Music,Romance,"
933,Hatching Pete,0,0,90,52699,"Family,Comedy,TV Movie,"
934,Hawaiian Holiday,0,0,8,66872,"Animation,Comedy,Family,"
935,Heavyweights,10000000,17689177,100,14819,"Family,Comedy,Drama,"
936,Herbie Goes Bananas,0,18000000,110,12129,"Fantasy,Comedy,Family,Adventure,"
937,Herbie Goes to Monte Carlo,0,29000000,105,14140,"Romance,Comedy,Family,Action,Adventure,"
938,Herbie Rides Again,0,38229000,88,10869,"Romance,Comedy,Family,Fantasy,"
939,Hercules,85000000,252712101,93,11970,"Animation,Family,Fantasy,Adventure,Comedy,Romance,"
940,High School Musical,4200000,0,98,10947,"Comedy,Drama,Family,Music,Romance,TV Movie,"
941,High School Musical 2,0,7000000,111,13649,"Comedy,Drama,Family,Music,Romance,TV Movie,"
942,High School Musical 3: Senior Year,11000000,252909177,117,11887,"Comedy,Romance,Drama,Family,Music,"
944,Hocus Pocus,30000000,0,107,642885,"Fantasy,Comedy,Family,"
945,Home on the Range,110000000,103951461,76,13700,"Animation,Family,"
946,"Honey, I Blew Up the Kid",40000000,58662452,89,11158,"Adventure,Comedy,Family,Science Fiction,"
947,"Honey, I Shrunk the Kids",18000000,222724172,93,9354,"Adventure,Comedy,Family,Science Fiction,"
948,"Honey, We Shrunk Ourselves",7000000,0,74,11425,"Adventure,Comedy,Family,Science Fiction,Action,"
949,Horse Sense,0,0,92,6980,"Drama,Family,TV Movie,"
951,Hounded,0,0,94,935999,"Horror,Action,Thriller,"
952,How Dogs Got Their Shapes,0,0,44,647672,"Documentary,"
953,How to Build a Better Boy,0,0,90,286987,"Family,Science Fiction,TV Movie,"
954,How to Fish,0,0,7,66884,"Family,Animation,Comedy,"
955,How to Swim,0,0,8,66986,"Animation,"
957,I'll Be Home for Christmas,30000000,0,86,17037,"Comedy,Family,"
958,Ice Age: The Great Egg-Scapade,0,0,25,387893,"Adventure,Animation,Comedy,Family,TV Movie,"
959,Ice Princess,25000000,27645491,98,13374,"Family,Drama,Comedy,"
960,Inner Workings,0,0,7,406785,"Animation,Family,Comedy,"
961,Inside Out,175000000,857611174,95,150540,"Animation,Family,Adventure,Drama,Comedy,"
962,Inspector Gadget,75000000,134400000,78,332,"Action,Adventure,Comedy,Family,"
963,Inspector Gadget 2,12000000,0,89,19766,"Action,Adventure,Comedy,Family,"
964,Into the Grand Canyon,0,0,84,584765,"Documentary,"
965,Into the Okavango,0,0,94,520446,"Documentary,"
966,Invincible,0,57806952,105,11652,"Drama,History,"
967,Invisible Sister,0,0,77,360605,"Fantasy,Adventure,Comedy,TV Movie,"
970,Iron Will,0,21006361,108,24767,"Adventure,Family,Action,"
971,Jack,60000000,218340595,130,75780,"Crime,Drama,Thriller,Action,"
972,Jack-Jack Attack,0,0,5,13932,"Adventure,Animation,Family,"
973,James and the Giant Peach,38000000,28946127,79,10539,"Adventure,Animation,Family,Fantasy,"
974,Jane,50000000,48169156,125,4421,"Action,Drama,"
976,Jingle Pols,,,,,
977,Johnny Kapahala: Back on Board,0,0,90,62527,"Family,Comedy,Drama,TV Movie,"
978,Johnny Tsunami,0,0,88,24020,"Family,TV Movie,Drama,"
979,Jonas Brothers: The Concert Experience,0,0,76,40534,"Documentary,Music,"
980,Journey to Shark Eden,0,0,60,122739,"Documentary,"
981,Journey to the Center of the Earth,45000000,101702060,93,88751,"Action,Science Fiction,Adventure,Comedy,Family,"
982,Jump In!,0,0,85,13968,"Drama,Comedy,Romance,"
983,Jumping Ship,0,0,92,68027,"TV Movie,Family,Drama,Comedy,"
984,Jungle 2 Jungle,32000000,59927618,97,9446,"Comedy,Family,"
985,Jungle Cat,0,0,69,179188,"Documentary,Family,"
986,Kazaam,20000000,18937262,93,11511,"Fantasy,Comedy,Family,"
988,Kim Possible,0,0,86,520720,"Family,Action,Adventure,Comedy,TV Movie,"
989,Kim Possible Movie: So the Drama,,,,,
990,Kingdom of the Apes: Battle Lines,0,0,44,649160,"Documentary,"
991,Kingdom of the Blue Whale,0,0,96,22109,"Documentary,TV Movie,"
993,Kitbull,0,0,9,574074,"Animation,Family,Drama,"
994,Knick Knack Theatrical Short,,,,,
995,Kronk's New Groove,0,0,75,13417,"Animation,Comedy,Family,"
996,La Luna,0,0,142,30636,"Drama,"
998,Lady and the Tramp,4000000,36359037,76,10340,"Family,Animation,Romance,"
999,Lava,0,0,7,286192,"Animation,Family,"
1007,LEGO Star Wars: The New Yoda Chronicles - Clash of the Skywalkers,,,,,
1008,LEGO Star Wars: The New Yoda Chronicles - Raid on Coruscant,,,,,
1009,LEGO Star Wars: The New Yoda Chronicles – Duel of the Skywalkers,,,,,
1010,LEGO Star Wars: The New Yoda Chronicles – Escape from the Jedi Temple,,,,,
1011,LEGO Star Wars: The New Yoda Chronicles – Race for the Holocrons,,,,,
1012,Lemonade Mouth,0,0,106,65218,"Drama,Comedy,TV Movie,"
1013,Lend a Paw,0,0,8,51024,"Family,Animation,"
1014,Leroy & Stitch,0,0,73,21316,"Animation,Comedy,Family,"
1015,Let it Shine,0,0,101,114955,"Family,Music,TV Movie,"
1016,Life is Ruff,0,0,84,160155,"TV Movie,Comedy,Family,"
1017,Life With Mikey,2000000,12440858,91,42580,"Comedy,Family,"
1018,Life-Size 2,0,0,81,500284,"Family,Fantasy,"
1019,Lifted,0,0,5,13060,"Family,Animation,Science Fiction,"
1020,Lilo & Stitch,80000000,273144151,85,11544,"Animation,Family,"
1021,Lilo & Stitch 2: Stitch Has a Glitch,80000000,273144151,85,11544,"Animation,Family,"
1023,Lonesome Ghosts,0,0,9,32428,"Animation,Comedy,"
1025,Lou,0,0,107,429473,"Action,Thriller,Drama,"
1026,Luck of the Irish,0,0,86,46004,"Family,TV Movie,Comedy,Adventure,"
1027,Luxo Jr.,0,0,2,13925,"Animation,Comedy,"
1028,Magician Mickey,0,0,8,66997,"Animation,"
1029,Mail Dog,0,0,7,130426,"Animation,"
1030,Man Among Cheetahs,0,0,44,649162,"Documentary,"
1031,Mars: Inside SpaceX,0,0,46,562685,"History,TV Movie,Documentary,"
1034,Marvel Rising: Secret Warriors,0,0,80,491633,"Family,Animation,Action,Comedy,Science Fiction,TV Movie,Adventure,"
1035,Marvel Studios: Assembling A Universe,0,0,43,259910,"TV Movie,Documentary,"
1036,Marvel Studios: Expanding the Universe,0,0,12,647375,"Documentary,"
1037,Marvel Studios' Ant-Man,130000000,519311965,117,102899,"Science Fiction,Action,Adventure,"
1038,Marvel Studios' Avengers: Age of Ultron,365000000,1405403694,141,99861,"Action,Adventure,Science Fiction,"
1039,Marvel Studios' Avengers: Endgame,356000000,2797800564,181,299534,"Adventure,Science Fiction,Action,"
1040,Marvel Studios' Captain America: Civil War,250000000,1153337496,147,271110,"Adventure,Action,Science Fiction,"
1041,Marvel Studios' Captain America: The First Avenger,140000000,370569774,124,1771,"Action,Adventure,Science Fiction,"
1042,Marvel Studios' Captain America: The Winter Soldier,170000000,714766572,136,100402,"Action,Adventure,Science Fiction,"
1043,Marvel Studios' Captain Marvel,152000000,1128276090,124,299537,"Action,Adventure,Science Fiction,"
1044,Marvel Studios' Doctor Strange,165000000,677796076,115,284052,"Action,Adventure,Fantasy,"
1045,Marvel Studios' Guardians of the Galaxy,170000000,772776600,121,118340,"Action,Science Fiction,Adventure,"
1046,Marvel Studios' Guardians of the Galaxy Vol. 2,200000000,863756051,137,283995,"Adventure,Action,Science Fiction,"
1047,Marvel Studios' Iron Man,200000000,623933331,124,10138,"Adventure,Action,Science Fiction,"
1048,Marvel Studios' Iron Man 2,200000000,623933331,124,10138,"Adventure,Action,Science Fiction,"
1049,Marvel Studios' Iron Man 3,200000000,1214811252,130,68721,"Action,Adventure,Science Fiction,"
1050,Marvel Studios' The Avengers,220000000,1518815515,143,24428,"Science Fiction,Action,Adventure,"
1051,Marvel Studios' Thor,150000000,449326618,115,10195,"Adventure,Fantasy,Action,"
1052,Marvel Studios' Thor: The Dark World,170000000,644571402,112,76338,"Action,Adventure,Fantasy,"
1064,Mary Poppins,6000000,103082380,139,433,"Comedy,Family,Fantasy,"
1065,Mater and the Ghostlight,0,0,7,13934,"Animation,Comedy,Family,Horror,"
1066,Meet the Deedles,24000000,4562146,93,40688,"Comedy,Family,"
1067,Meet the Robinsons,150000000,169332978,95,1267,"Animation,Comedy,Family,"
1068,Melody Time,2000000,0,75,13757,"Music,Family,Animation,Comedy,"
1069,Mickey Down Under,0,0,7,67004,"Animation,Family,"
1072,"Mickey, Donald, Goofy: The Three Musketeers",0,0,68,21385,"Adventure,Animation,Comedy,Family,"
1073,Mickey's Birthday Party,0,0,8,67009,"Animation,Comedy,Family,"
1074,Mickey's Christmas Carol,3000000,21000000,26,14813,"Family,Animation,"
1075,Mickey's Delayed Date,0,0,7,67043,"Animation,Comedy,"
1076,Mickey's Once Upon a Christmas,0,0,66,15400,"Animation,Family,Comedy,"
1077,Mickey's Rival,0,0,8,67115,"Animation,Comedy,Family,Romance,"
1078,Mickey's Trailer,0,0,7,53219,"Animation,Comedy,"
1079,Mickey's Twice Upon a Christmas,10000000,0,68,13378,"Animation,Family,"
1080,Mighty Joe Young,90000000,0,114,9822,"Adventure,Family,Action,Fantasy,"
1081,Mike's New Car,0,0,3,13931,"Animation,Comedy,Family,Fantasy,"
1082,Minutemen,5000000,0,91,22371,"Family,TV Movie,Comedy,Science Fiction,Adventure,"
1083,Miracle,28000000,64445708,135,14292,"Drama,History,"
1084,Miracle at Midnight,0,0,90,177212,"Drama,"
1085,Miracle in Lane 2,0,0,89,77921,"TV Movie,Family,Drama,Comedy,"
1086,Miracle Landing on the Hudson,2000000,0,90,256423,"Documentary,"
1087,Mission to the Sun,0,0,44,568161,"Documentary,"
1088,Moana,150000000,690860472,107,277834,"Adventure,Comedy,Family,Animation,"
1089,Mom's Got a Date With a Vampire,0,0,85,92208,"TV Movie,Comedy,Family,Fantasy,Horror,"
1090,Monsters University,200000000,743559607,104,62211,"Animation,Family,"
1091,"Monsters, Inc.",115000000,579707738,92,585,"Animation,Comedy,Family,"
1092,Motocrossed,0,0,91,71885,"TV Movie,Family,Comedy,Drama,Romance,"
1093,Mr. Boogedy,0,0,44,365351,"TV Movie,Horror,Adventure,Drama,"
1094,Mr. Duck Steps Out,0,0,8,73999,"Animation,"
1095,Mr. Mouse Takes a Trip,0,0,8,67132,"Animation,Family,Comedy,"
1096,Mulan II,0,0,79,12242,"Animation,Comedy,Family,Action,"
1098,Muppet Treasure Island,31000000,34327391,100,10874,"Action,Comedy,Music,Family,Adventure,Romance,"
1099,Muppets Most Wanted,50000000,80383290,112,145220,"Comedy,Adventure,Crime,Family,"
1100,My Favorite Martian,65000000,36850101,94,9849,"Comedy,Drama,Family,Science Fiction,"
1102,National Treasure: Book of Secrets,130000000,459242249,124,6637,"Action,Adventure,Mystery,Thriller,"
1103,Newsies,15000000,2706352,121,15300,"Family,Drama,History,Music,"
1104,Newsies: The Broadway Musical,0,0,134,462477,"Romance,Music,History,Drama,"
1105,Noelle,0,0,100,454467,"Family,Comedy,Fantasy,"
1106,Now You See It,0,0,96,26267,"TV Movie,Comedy,Mystery,"
1107,Olaf's Frozen Adventure,0,0,22,460793,"Animation,Family,Adventure,Comedy,Fantasy,"
1108,Old Yeller,0,0,84,22660,"Adventure,Drama,Family,Western,"
1109,Oliver & Company,10000000,37402877,153,17917,"Drama,Family,Music,"
1110,Once Upon a Mattress,0,0,90,18506,"Comedy,Music,Romance,"
1111,One Magic Christmas,0,13677222,88,13380,"Family,Fantasy,"
1112,One Man Band,0,0,4,13933,"Animation,Comedy,Family,Music,"
1113,Operation Dumbo Drop,0,0,107,27281,"Action,Adventure,Comedy,Family,"
1116,Paris To Pittsburgh,0,0,77,608590,"Documentary,"
1117,Partly Cloudy,0,0,5,24480,"Animation,Family,Comedy,"
1118,Party Central,0,0,6,258152,"Family,Comedy,Animation,"
1119,Perri,0,0,75,162139,"Family,Fantasy,Adventure,"
1120,Pete's Dragon,65000000,143695338,103,294272,"Adventure,Family,Fantasy,"
1121,Peter Pan,4000000,87404651,77,10693,"Animation,Family,Adventure,Fantasy,"
1122,Peter Pan: Return to Never Land,20000000,109862682,72,16690,"Adventure,Fantasy,Animation,Family,"
1123,Phantom of the Megaplex,0,0,89,26450,"Action,Comedy,Family,Mystery,Horror,"
1126,Phineas and Ferb the Movie: Across the 2nd Dimension,0,0,78,71689,"Animation,Comedy,Family,TV Movie,Adventure,Science Fiction,"
1127,Phineas and Ferb: Mission Marvel,0,0,45,284019,"Animation,Family,Comedy,"
1128,Piglet's Big Movie,46000000,62870546,75,13691,"Animation,Family,"
1129,Pinocchio,0,0,105,532639,"Fantasy,Adventure,Family,"
1130,Piper,0,0,6,399106,"Family,Animation,"
1131,Pirates of the Caribbean: At World's End,300000000,961000000,169,285,"Adventure,Fantasy,Action,"
1132,Pirates of the Caribbean: Dead Man's Chest,200000000,1065659812,151,58,"Adventure,Fantasy,Action,"
1133,Pirates of the Caribbean: The Curse of the Black Pearl,140000000,655011224,143,22,"Adventure,Fantasy,Action,"
1135,Pixel Perfect,0,0,85,124117,"Family,TV Movie,Science Fiction,Comedy,"
1136,Planet of the Birds,0,0,44,525023,"Documentary,"
1137,Pluto and the Gopher,0,0,7,175999,"Animation,Family,"
1138,Pluto's Christmas Tree,0,0,7,61080,"Animation,Comedy,Family,"
1139,Pluto's Surprise Package,0,0,7,164972,"Animation,Comedy,Family,"
1140,Pluto's Sweater,0,0,7,175997,"Animation,"
1141,Pocahontas,55000000,346079773,81,10530,"Adventure,Animation,Family,Romance,"
1142,Pocahontas II: Journey to a New World,0,0,72,13761,"Family,Adventure,Animation,Romance,"
1143,Pollyanna,2500000,3750000,134,31102,"Comedy,Drama,Family,"
1144,Pooh's Grand Adventure: The Search for Christopher Robin,0,0,76,14903,"Animation,Family,Adventure,"
1145,Pooh's Heffalump Movie,20000000,52900000,68,13682,"Family,Animation,Comedy,Fantasy,"
1146,Presto,0,0,5,13042,"Animation,Family,"
1147,Princess Protection Program,0,0,89,19458,"Family,TV Movie,Comedy,Drama,"
1148,Purl,0,0,9,532953,"Animation,Comedy,"
1150,Queen of Katwe,15000000,10367161,124,317557,"Drama,"
1151,Quints,0,0,83,101514,"Drama,Family,Comedy,TV Movie,"
1152,Ratatouille,150000000,623726000,111,2062,"Animation,Comedy,Family,Fantasy,"
1153,Read It and Weep,0,0,90,4641,"Family,Comedy,Drama,TV Movie,"
1154,Ready to Run,0,0,88,77576,"Family,TV Movie,"
1155,Recess: All Growed Down,0,0,61,84331,"Family,Comedy,Animation,"
1156,Recess: School's Out,10000000,44460850,82,19405,"Science Fiction,Family,Comedy,Animation,"
1157,Recess: Taking the 5th Grade,,,,,
1158,Red's Dream,0,0,4,13926,"Animation,Family,"
1159,Remember the Titans,30000000,136706683,113,10637,"Drama,"
1160,Rescue Dog,0,0,84,981451,"TV Movie,"
1161,Return from Witch Mountain,0,16393000,95,14822,"Adventure,Fantasy,Science Fiction,Family,"
1162,Return to Halloweentown,0,0,88,34204,"Family,Fantasy,Comedy,TV Movie,Action,"
1163,Return to Oz,25000000,11137801,109,13155,"Adventure,Family,Fantasy,"
1164,Richie Rich's Christmas Wish,6000000,0,84,73961,"Family,Comedy,"
1165,Right on Track,0,0,89,77606,"Drama,Family,TV Movie,"
1166,Riley’s First Date?,0,0,8,355338,"Animation,Family,"
1167,Rip Girls,0,0,87,64269,"Drama,Family,Romance,TV Movie,"
1168,Robin Hood,200000000,321669741,140,20662,"Action,Adventure,Drama,"
1170,Rogue One: A Star Wars Story,200000000,1056057273,133,330459,"Action,Adventure,Science Fiction,"
1171,Roving Mars,0,0,40,18085,"Documentary,"
1172,Ruby Bridges,0,0,96,96715,"Drama,Family,History,"
1173,Sacred Planet,0,0,40,66860,"Documentary,"
1174,Saludos Amigos,0,1135000,42,14906,"Animation,Family,Adventure,"
1175,"Sammy, The Way-Out Seal",0,0,88,297487,"Comedy,Family,TV Movie,"
1176,Sanjay's Super Team,0,0,7,345637,"Animation,Family,Fantasy,Action,"
1177,Santa Paws 2: The Santa Pups,0,0,88,142308,"Family,Fantasy,Adventure,"
1178,Santa's Workshop,13157,0,7,67167,"Animation,"
1179,Saving Mr. Banks,35000000,112544580,125,140823,"Comedy,Drama,History,"
1180,Science Fair,0,0,90,493121,"Documentary,"
1181,Sea of Hope: America's Underwater Treasures,0,0,60,433118,"Documentary,"
1182,Secret of The Wings,0,0,92,75258,"Animation,Family,Fantasy,Adventure,"
1183,Secretariat,35000000,60321861,123,39486,"Drama,"
1184,Secrets of Christ's Tomb: Explorer Special,0,0,46,526736,"Documentary,"
1185,Secrets of Life,0,0,70,162117,"Documentary,"
1186,Secrets of the King Cobra,0,0,46,649172,"Documentary,"
1188,Sharks of Lost Island,0,0,45,649174,"Documentary,"
1189,Sharpay's Fabulous Adventure,0,0,90,60405,"Family,Music,"
1190,Shipwrecked,0,0,10,420086,"Adventure,Drama,"
1192,Simpsons Movie,75000000,527068851,87,35,"Animation,Comedy,Family,"
1193,Sister Act,31000000,231605150,100,2005,"Music,Comedy,"
1194,Sister Act 2: Back in the Habit,38000000,57319029,107,6279,"Music,Comedy,"
1195,Skyrunners,0,0,92,28729,"Comedy,Science Fiction,TV Movie,"
1196,Sleeping Beauty,6000000,51600000,75,10882,"Fantasy,Animation,Romance,Family,"
1197,Smart House,0,0,82,35215,"TV Movie,Drama,Family,Science Fiction,Fantasy,"
1198,Smash and Grab,0,0,7,532952,"Animation,Science Fiction,"
1199,Snow White and The Seven Dwarfs,1488423,184925486,83,408,"Fantasy,Animation,Family,"
1200,Snowball Express,0,0,93,32140,"Comedy,Family,"
1201,Snowglobe,0,0,120,68591,"TV Movie,Family,Fantasy,Science Fiction,"
1203,Society Dog Show,0,0,8,67171,"Animation,Family,Comedy,"
1211,Star Wars: A New Hope (Episode IV),11000000,775398007,121,11,"Adventure,Action,Science Fiction,"
1212,Star Wars: Attack of the Clones (Episode II),120000000,649398328,142,1894,"Adventure,Action,Science Fiction,"
1214,Star Wars: Return of the Jedi (Episode VI),32350000,572700000,135,1892,"Adventure,Action,Science Fiction,"
1215,Star Wars: Revenge of the Sith (Episode III),113000000,850000000,140,1895,"Adventure,Action,Science Fiction,"
1216,Star Wars: The Empire Strikes Back (Episode V),18000000,538400000,124,1891,"Adventure,Action,Science Fiction,"
1217,Star Wars: The Force Awakens (Episode VII),245000000,2068223624,136,140607,"Adventure,Action,Science Fiction,Fantasy,"
1218,Star Wars: The Phantom Menace (Episode I),115000000,924317558,136,1893,"Adventure,Action,Science Fiction,"
1219,Starstruck,0,0,81,35558,"Romance,Comedy,TV Movie,Music,"
1220,Steamboat Willie,4986,0,7,53565,"Animation,Music,Comedy,Family,"
1221,Stepsister from Planet Weird,0,0,85,70773,"Family,Science Fiction,TV Movie,Comedy,"
1222,Stitch! The Movie,0,0,60,15567,"Comedy,Adventure,Family,Animation,"
1223,Stonehenge Decoded: Secrets Revealed,,,,,
1224,Stuck in the Suburbs,1000000,0,82,115626,"Family,Comedy,Music,TV Movie,"
1225,Sultan and the Rock Star,0,0,56,271214,"Adventure,Drama,Family,TV Movie,"
1226,Super Buddies,0,0,81,149910,"Family,Comedy,"
1227,Swiss Family Robinson,5000000,40356000,126,18444,"Adventure,Family,"
1229,Tall Tale,32000000,0,98,41841,"Adventure,Family,Western,"
1230,Tangled,260000000,592461732,100,38757,"Animation,Family,"
1231,Tangled Before Ever After,0,0,55,438747,"Adventure,Animation,Comedy,Family,Fantasy,TV Movie,"
1232,Tarzan & Jane,130000000,448191819,88,37135,"Family,Adventure,Animation,Drama,"
1233,Teacher's Pet,10000000,0,74,24034,"Animation,Drama,Family,Music,Comedy,"
1234,Teen Beach 2,0,0,104,325189,"TV Movie,Family,Comedy,Fantasy,"
1235,Teen Beach Movie,0,0,96,177888,"Family,Music,TV Movie,Comedy,"
1236,Teen Spirit,0,0,92,440918,"Music,Drama,"
1237,That Darn Cat,0,0,89,20735,"Family,Comedy,"
1238,That Darn Cat!,0,0,89,20735,"Family,Comedy,"
1239,The Absent-Minded Professor,0,0,96,17984,"Comedy,Family,Science Fiction,"
1240,The Adventures of André & Wally B.,0,0,2,13924,"Family,Animation,Comedy,"
1241,The Adventures of Bullwhip Griffin,0,0,108,20237,"Action,Comedy,Drama,Family,Western,"
1242,The Adventures of Huck Finn,6500000,24103594,108,34723,"Adventure,Drama,Family,"
1243,The Adventures of Ichabod and Mr. Toad,0,0,68,13465,"Horror,Fantasy,Animation,Family,"
1245,The African Lion,0,0,75,113735,"Documentary,Family,"
1246,The Apple Dumpling Gang,0,0,100,18660,"Comedy,Family,Western,"
1247,The Apple Dumpling Gang Rides Again,0,0,88,22328,"Comedy,Family,Western,"
1248,The Aristocats,4000000,55675257,78,10112,"Animation,Comedy,Family,Adventure,"
1249,The Art of Skiing,0,0,8,67571,"Animation,Comedy,"
1252,The Band Concert,0,0,9,67572,"Music,Animation,Comedy,"
1253,The Bears and I,0,4000000,89,103698,"Adventure,Drama,Family,"
1254,The Big Bad Wolf,27878,0,9,109298,"Animation,"
1255,The Biscuit Eater,0,0,92,56067,"Drama,Family,"
1256,The Black Cauldron,25000000,21288692,80,10957,"Animation,Adventure,Family,"
1257,The Black Hole,20000000,35841901,98,9570,"Adventure,Family,Science Fiction,Action,"
1258,The Blue Umbrella,0,0,7,200481,"Animation,Romance,"
1261,The Brave Little Toaster Goes to Mars,0,0,73,20377,"Animation,Family,"
1262,The Castaway Cowboy,0,0,91,80351,"Adventure,Family,Comedy,Western,"
1263,The Cheetah Girls,0,0,90,27621,"Family,Comedy,Drama,Music,TV Movie,"
1264,The Cheetah Girls 2,0,0,96,37609,"Family,Comedy,Drama,Music,TV Movie,"
1265,The Cheetah Girls: One World,0,0,90,27621,"Family,Comedy,Drama,Music,TV Movie,"
1266,The Christmas Star,0,0,94,13705,"Drama,Family,TV Movie,"
1267,The Chronicles of Narnia: Prince Caspian,225000000,419665568,150,2454,"Adventure,Family,Fantasy,"
1268,"The Chronicles of Narnia: The Lion, the Witch and the Wardrobe",180000000,745013115,143,411,"Adventure,Family,Fantasy,"
1269,The Color of Friendship,0,0,87,92620,"TV Movie,Family,Drama,"
1270,The Computer Wore Tennis Shoes,0,0,91,29228,"Comedy,Family,Drama,"
1271,The Country Bears,35000000,18012097,88,18357,"Adventure,Comedy,Family,"
1272,The Emperor's New Groove,100000000,169327687,78,11688,"Adventure,Animation,Comedy,Family,Fantasy,"
1273,The Even Stevens Movie,0,0,94,50794,"TV Movie,Comedy,Family,"
1274,The Flood,0,0,93,410718,"Documentary,"
1275,The Fox and the Hound,12000000,29800000,82,10948,"Adventure,Animation,Drama,Family,"
1276,The Fox and the Hound 2,24000000,0,69,9948,"Adventure,Animation,Comedy,Family,"
1277,The Game Plan,22000000,147880543,110,13680,"Comedy,Family,"
1278,The Ghosts of Buxley Hall,0,0,120,334672,"Comedy,Family,Fantasy,TV Movie,"
1279,The Goddess of Spring,37605,0,9,67588,"Animation,Music,"
1280,The Golden Touch,35458,0,10,58164,"Animation,Comedy,"
1281,The Good Dinosaur,175000000,332207671,93,105864,"Adventure,Animation,Family,"
1282,The Great Muppet Caper,14000000,31200000,95,14900,"Family,Crime,Comedy,Mystery,Music,"
1283,The Greatest Game Ever Played,25000000,15431177,120,15487,"Drama,"
1284,The Haunted Mansion,90000000,182290266,88,10756,"Thriller,Fantasy,Comedy,Family,Mystery,"
1285,The Hockey Champ,0,0,7,68051,"Animation,"
1286,The Hunchback of Notre Dame,100000000,325338851,91,10545,"Drama,Animation,Family,"
1287,The Hunchback of Notre Dame II,0,0,68,12448,"Animation,Family,Comedy,"
1289,The Incredible Journey,0,0,84,6878,"Adventure,Comedy,Drama,Family,"
1290,The Incredibles,92000000,631442092,115,9806,"Action,Adventure,Animation,Family,"
1291,The Journey of Natty Gann,0,9708373,101,35144,"Adventure,Family,Drama,"
1292,The Jungle Book 2,20000000,135680000,72,14873,"Family,Animation,Adventure,"
1293,The Jungle Book: Mowgli's Story,0,0,77,109176,"Family,"
1294,The Legend of Mor'du,0,0,6,141423,"Animation,Family,"
1295,The Lion King 1 1/2,,,,,
1296,The Lion King 2: Simba's Pride,0,0,81,9732,"Family,Adventure,Animation,Action,"
1297,The Little Mermaid,40000000,211343479,83,10144,"Animation,Family,Fantasy,"
1298,The Little Mermaid II:  Return to the Sea,0,0,75,10898,"Animation,Adventure,Family,Comedy,"
1299,The Little Mermaid:  Ariel's Beginning,0,0,77,13676,"Family,Animation,"
1300,The Little Whirlwind,0,0,8,67592,"Animation,Comedy,"
1301,The Living Desert,0,0,69,11383,"Documentary,"
1302,The Lizzie McGuire Movie,17000000,55534455,94,18736,"Family,Comedy,"
1303,The Lost Tomb of Alexander the Great,0,0,44,642584,"Documentary,TV Movie,"
1304,The Love Bug (1969),,,,,
1305,The Many Adventures of Winnie the Pooh,0,0,74,250480,"Animation,Family,"
1306,The Million Dollar Duck,0,0,89,22777,"Comedy,Family,"
1307,The Mistle-Tones,0,0,90,149032,"TV Movie,Comedy,Romance,"
1308,The Muppet Christmas Carol,12000000,27281507,89,10437,"Music,Comedy,Family,Fantasy,Drama,"
1309,The Muppet Movie,8000000,65200000,97,11176,"Comedy,Adventure,Music,Family,"
1310,The Muppets,45000000,165184237,103,64328,"Comedy,Music,"
1313,The Old Mill,50663,0,9,72640,"Animation,Thriller,Family,"
1314,The Olympic Champ,0,0,7,58527,"Comedy,Animation,"
1315,The Parent Trap,15000000,92108518,128,9820,"Comedy,Family,"
1316,The Parent Trap (1961),,,,,
1317,The Pied Piper,17145,0,8,67596,"Animation,Family,"
1318,The Plausible Impossible (Disneyland: 1954-58),,,,,
1319,The Poof Point,0,0,79,109169,"Comedy,Family,TV Movie,"
1320,The Prince and the Pauper,0,0,25,25831,"Animation,Comedy,Family,"
1321,The Princess and the Frog,105000000,270997378,98,10198,"Romance,Family,Animation,"
1322,The Princess Diaries,37000000,165335153,115,9880,"Comedy,Family,Romance,"
1323,The Princess Diaries 2: Royal Engagement,40000000,134734481,113,11130,"Comedy,Drama,Family,Romance,"
1324,The Proud Family Movie,0,0,90,61728,"TV Movie,Animation,Comedy,Family,"
1325,The Reluctant Dragon,600,0,74,22752,"Documentary,Family,Animation,"
1327,The Rescuers,1200000,71215869,78,11319,"Fantasy,Family,Animation,Adventure,"
1328,The Rescuers Down Under,37931000,47431461,77,11135,"Animation,Adventure,Family,Fantasy,"
1329,The Rookie,20000000,75597042,127,14635,"Drama,Family,"
1330,The Santa Clause,22000000,189833357,97,11395,"Fantasy,Drama,Comedy,Family,"
1331,The Santa Clause 2,65000000,172842355,104,9021,"Fantasy,Comedy,Family,"
1332,The Santa Clause 3: The Escape Clause,12000000,84500122,98,13767,"Comedy,Family,Adventure,"
1333,The Scream Team,0,0,88,109164,"Fantasy,TV Movie,Comedy,"
1334,The Secret of the Magic Gourd,0,0,85,38057,"Drama,Family,Fantasy,"
1335,The Shaggy D.A.,0,0,91,15943,"Comedy,Family,Fantasy,"
1336,The Shaggy Dog,50000000,87134280,98,10067,"Comedy,Family,"
1337,The Sign of Zorro,0,0,91,462357,"Western,"
1338,The Simple Things,0,0,7,67600,"Animation,Comedy,Family,"
1339,The Sound of Music,8200000,286214286,175,15121,"Drama,Family,Music,Romance,"
1340,The Story of Robin Hood And His Merrie Men,0,0,84,27884,"Action,Adventure,"
1341,The Strongest Man in the World,0,0,92,31654,"Comedy,Family,"
1342,The Suite Life Movie,0,0,80,60803,"Adventure,Comedy,Family,"
1345,The Swap,0,0,89,417028,"Comedy,TV Movie,"
1346,The Thirteenth Year,0,0,95,83965,"TV Movie,Adventure,Comedy,Family,"
1347,The Three Caballeros,0,0,71,15947,"Animation,Family,Music,"
1348,The Three Musketeers,75000000,132274484,110,52451,"Adventure,Action,Thriller,"
1349,The Tigger Movie,30000000,45554533,77,15655,"Family,Animation,Comedy,"
1350,The Tortoise and the Hare,32671,0,9,58159,"Animation,Family,Fantasy,"
1351,The Ugly Dachshund,0,0,93,20277,"Comedy,Drama,Family,"
1352,The Ugly Duckling,0,0,9,418956,"Animation,Comedy,"
1353,The Ultimate Christmas Present,0,0,85,71887,"TV Movie,Family,Comedy,"
1354,The Vanishing Prairie,0,1750000,71,114499,"Documentary,"
1355,The Wild,80000000,102338515,95,9904,"Family,Animation,"
1356,The Wise Little Hen,25990,0,8,91815,"Animation,Comedy,Family,Music,"
1357,The Wizards Return: Alex vs. Alex,0,0,60,178682,"Family,Adventure,Comedy,Drama,"
1359,The Young Black Stallion,0,0,49,42418,"Adventure,Drama,Family,"
1360,Three Blind Mouseketeers,0,0,9,67609,"Animation,Family,"
1361,Three Days,30000000,67448651,133,43539,"Romance,Drama,Thriller,Crime,"
1362,Three Little Pigs,15719,0,8,34463,"Music,Animation,Comedy,Family,"
1363,Three Little Wolves,0,0,9,109329,"Animation,"
1364,Three Men and a Baby,0,0,84,1028541,"TV Movie,Comedy,Drama,"
1365,Three Men and a Little Lady,0,0,104,11630,"Family,Comedy,"
1366,Thru the Mirror,0,0,9,67661,"Animation,Family,Fantasy,"
1367,Tiger Cruise,0,0,88,51909,"TV Movie,Family,Drama,"
1368,Tim Burton’s The Nightmare Before Christmas,24000000,75634409,76,9479,"Fantasy,Animation,Family,"
1370,Tin Toy,300000,123967,5,13927,"Animation,Family,"
1371,Tinker Bell,48000000,0,78,13179,"Animation,Family,Adventure,Fantasy,"
1372,Tinker Bell and the Great Fairy Rescue,0,0,76,44683,"Animation,Adventure,Family,Fantasy,"
1373,Tinker Bell and the Lost Treasure,0,0,81,25475,"Animation,Family,Adventure,Fantasy,"
1374,Titanic: 20 Years Later With James Cameron,0,0,47,489493,"Documentary,"
1375,Toby Tortoise Returns,0,0,7,109333,"Animation,"
1376,Tom and Huck,0,23920048,97,45325,"Family,Action,Adventure,Drama,"
1377,Toy Story,30000000,373554033,81,862,"Animation,Adventure,Family,Comedy,"
1378,Toy Story 2,90000000,497366869,92,863,"Animation,Comedy,Family,"
1379,Toy Story 3,200000000,1066969703,103,10193,"Animation,Family,Comedy,"
1380,Toy Story Toons: Hawaiian Vacation,0,0,6,77887,"Animation,Family,Comedy,"
1381,Toy Story Toons: Partysaurus Rex,0,0,7,130925,"Family,Animation,Comedy,Fantasy,"
1382,Toy Story Toons: Small Fry,0,0,7,82424,"Animation,Family,Comedy,"
1383,Trail of the Panda,0,0,88,146650,"Family,"
1384,Trailer Horn,0,0,6,67698,"Animation,"
1385,Treasure Island,0,0,96,6646,"Adventure,Family,"
1386,Treasure of Matecumbe,0,0,117,63438,"Action,Adventure,Family,Western,"
1387,Treasure Planet,140000000,109578115,95,9016,"Adventure,Animation,Family,Fantasy,Science Fiction,"
1388,Tree Climbing Lions,0,0,44,630905,"Documentary,"
1389,Tron,170000000,400062763,125,20526,"Adventure,Action,Science Fiction,"
1390,Tru Confessions,0,0,83,71886,"TV Movie,Family,Drama,"
1391,Tuck Everlasting,15000000,19158074,90,13768,"Drama,Family,Fantasy,Romance,"
1392,Tugboat Mickey,0,0,7,67703,"Animation,Family,Comedy,"
1393,Twas the Night,0,0,84,103014,"TV Movie,Family,Comedy,"
1394,Twitches,20000000,0,86,21481,"Comedy,Drama,Family,Fantasy,TV Movie,"
1395,Twitches Too,0,0,83,46169,"Drama,Family,Fantasy,TV Movie,"
1396,Unidentified Flying Oddball,5250000,0,93,65596,"Comedy,Fantasy,Science Fiction,Family,"
1397,Up,0,0,90,934641,"Thriller,Crime,"
1398,"Up, Up and Away",0,0,77,124134,"Action,Family,TV Movie,"
1399,Valiant,35000000,61746888,76,14175,"Family,Animation,Adventure,Comedy,War,"
1400,Waking Sleeping Beauty,0,80,86,47813,"Documentary,"
1401,WALL-E,180000000,521311860,98,10681,"Animation,Family,Science Fiction,"
1402,Wendy Wu: Homecoming Warrior,6000000,0,90,61717,"Family,Action,Adventure,TV Movie,"
1403,Whispers: An Elephant's Tale,0,537,72,51107,"Drama,Family,"
1404,White Fang,14000000,34793160,107,12227,"Action,Adventure,Drama,Family,"
1405,Who Framed Roger Rabbit,70000000,329803958,104,856,"Fantasy,Animation,Comedy,Crime,"
1407,Winged Seduction: Birds of Paradise,0,0,45,429942,"Documentary,TV Movie,"
1408,Winnie the Pooh,30000000,14460000,63,51162,"Animation,Family,Adventure,"
1409,Winnie the Pooh: A Very Merry Pooh Year,0,0,65,13706,"Animation,Family,"
1410,Winnie the Pooh: Springtime with Roo,0,0,65,16394,"Adventure,Animation,Comedy,Drama,Family,"
1411,Winter Storage,0,0,7,67789,"Family,Animation,Comedy,"
1413,Wizards of Waverly Place: The Movie,0,0,94,26736,"Family,TV Movie,Adventure,Comedy,Drama,Fantasy,Action,"
1415,World's Greatest Dogs,0,0,43,630903,
1416,Wreck-It Ralph,165000000,471222889,101,82690,"Family,Animation,Comedy,Adventure,"
1418,Ye Olden Days,0,0,8,67790,"Animation,"
1419,Yellowstone Cubs,0,0,48,153292,"Comedy,Family,"
1420,You Lucky Dog,0,0,87,56410,"Family,TV Movie,"
1421,You Wish!,0,0,87,111485,"Family,TV Movie,"
1422,Your Friend the Rat,0,0,11,13061,"Animation,Family,"
1423,Z-O-M-B-I-E-S,36000000,0,88,809107,"Music,Fantasy,Comedy,Science Fiction,Family,TV Movie,"
1424,Zapped,0,0,98,23943,"Comedy,"
1425,Zenon: Girl of the 21st Century,0,0,97,34766,"Family,Adventure,Comedy,Science Fiction,TV Movie,"
1426,Zenon: The Zequel,0,0,100,29742,"Family,TV Movie,Adventure,Comedy,Science Fiction,"
1427,Zenon: Z3,0,0,95,34765,"Family,TV Movie,Comedy,Adventure,Science Fiction,"
1428,Zootopia,150000000,1023784195,109,269149,"Animation,Adventure,Family,Comedy,"
1429,Bedknobs and Broomsticks,20000000,17900000,117,12335,"Adventure,Fantasy,Comedy,Family,Music,"
1430,Blackbeard's Ghost,0,0,106,16249,"Fantasy,Comedy,Family,"
1431,Brave Little Tailor,0,0,9,57472,"Animation,Family,Fantasy,"
1432,Justin Morgan had a Horse,0,0,88,117265,"Drama,Family,Western,"
1433,Lady and the Tramp II: Scamp's Adventure,0,0,69,18269,"Family,Animation,Romance,Adventure,"
1435,The Cat from Outer Space,0,0,104,19378,"Comedy,Family,Science Fiction,"
1436,The Great Mouse Detective,14000000,38625550,74,9994,"Animation,Family,Adventure,Mystery,"
1437,The Sword in the Stone,3000000,22182353,79,9078,"Animation,Family,"
1438,Those Calloways,0,0,131,42779,"Drama,Family,"
1442,Tomorrowland,190000000,209154322,130,158852,"Adventure,Family,Mystery,Science Fiction,"
1443,Aquamarine,12000000,23006849,104,14191,"Fantasy,Romance,Family,Comedy,"
1444,Ice Age: Dawn Of The Dinosaurs,90000000,886686817,94,8355,"Animation,Comedy,Family,Adventure,"
1445,X-Men Origins: Wolverine,150000000,373062864,107,2080,"Adventure,Action,Thriller,Science Fiction,"
1446,Night at the Museum: Battle of the Smithsonian,150000000,413106170,105,18360,"Adventure,Fantasy,Action,Comedy,Family,"
1447,Eddie the Eagle,23000000,46152411,106,319888,"Comedy,Drama,History,Adventure,"
1448,Bend It Like Beckham,3500159,76578641,112,455,"Comedy,Drama,Romance,"
1449,Captain Sparky vs. The Flying Saucers,0,0,3,166659,"Animation,Family,"
