,title,director,cast,country,release_year,rating,budget,revenue,runtime,movie_id,genre,streaming
0,Feast,Patrick Osborne,"Stephen Apostolina, Kirk Baily, Ben Bledsoe, David Cowgill, Terri Douglas, Fuschia!",United States,2014,G,3200000.0,658573.0,95.0,10070.0,"Action,Horror,Thriller,Comedy,",Disney+
1,Bride of Boogedy,Oz Scott,"Richard Masur, Mimi Kennedy, Tammy Lauren, David Faustino, Joshua Rudoy, Leonard Frey",United States,1987,PG,0.0,0.0,90.0,47631.0,"Horror,Family,Comedy,TV Movie,",Disney+
2,Deep Blue,"Alastair Fothergill, Andy Byatt",Pierce Brosnan,"United Kingdom, Germany",2005,G,5000000.0,0.0,100.0,703745.0,"Action,Horror,Science Fiction,",Disney+
3,Don't Look Under the Bed,Kenneth Johnson,"Erin Chambers, Eric Hodges II, Eric Hodges, Robin Riker, Steve Valentine, Jake Sakson",United States,1999,PG,0.0,0.0,93.0,70772.0,"TV Movie,Family,Horror,Comedy,",Disney+
4,Float,Bobby Rubio,"Eli Fucile, Bobby Rubio, Luna Watson, Mika Kubo",United States,2019,PG,0.0,0.0,76.0,1038043.0,"Horror,",Disney+
5,Hounded,Neal Israel,"Tahj Mowry, Shia LaBeouf, Craig Kirkwood, Steven Bendik, Sara Paxton, Rachelle Carson",United States,2001,G,0.0,0.0,94.0,935999.0,"Horror,Action,Thriller,",Disney+
6,Mater and the Ghostlight,John Lasseter,"Larry the Cable Guy , Owen Wilson, Michael Wallis, Bonnie Hunt, Paul Newman, Cheech Marin",United States,2006,PG,0.0,0.0,7.0,13934.0,"Animation,Comedy,Family,Horror,",Disney+
7,Mom's Got a Date With a Vampire,Stephen Boyum,"Matthew O'Leary, Laura Vandervoort, Myles Jeffrey, Caroline Rhea, Charles Shaughnessy, Robert Carradine","Canada, United States",2000,PG,0.0,0.0,85.0,92208.0,"TV Movie,Comedy,Family,Fantasy,Horror,",Disney+
8,Mr. Boogedy,Oz Scott,"Richard Masur, Mimi Kennedy, Benjamin Gregory, David Faustino, Kristy Swanson, Howard Witt",United States,1986,PG,0.0,0.0,44.0,365351.0,"TV Movie,Horror,Adventure,Drama,",Disney+
9,Phantom of the Megaplex,Blair Treu,"Taylor Handley, Corinne Bohrer, Caitlin Wachs, Jacob Smith, Rich Hutchman, John Novak","United States, Canada",2000,G,0.0,0.0,89.0,26450.0,"Action,Comedy,Family,Mystery,Horror,",Disney+
10,The Adventures of Ichabod and Mr. Toad,"Jack Kinney, Clyde Geronimi, James Algar","Bing Crosby, Basil Rathbone, Eric Blore, Pat O'Malley, John Ployardt, Colin Campbell",United States,1949,G,0.0,0.0,68.0,13465.0,"Horror,Fantasy,Animation,Family,",Disney+
11,Dark Skies,Scott Stewart,"Keri Russell, Josh Hamilton, J.K. Simmons, Dakota Goyo, Kadan Rockett, L.J. Benet, Rich Hutchman, Myndy Crist, Annie Thurman, Jake Brennan",United States,2013,PG-13,3500000.0,25174316.0,97.0,145135.0,"Science Fiction,Thriller,Horror,",Netflix
12,Jaws,Steven Spielberg,"Roy Scheider, Robert Shaw, Richard Dreyfuss, Lorraine Gary, Murray Hamilton, Carl Gottlieb, Jeffrey Kramer, Susan Backlinie, Jonathan Filley, Ted Grossman",United States,1975,PG,7000000.0,470653000.0,124.0,578.0,"Horror,Thriller,Adventure,",Netflix
13,Jaws 2,Jeannot Szwarc,"Roy Scheider, Lorraine Gary, Murray Hamilton, Joseph Mascolo, Jeffrey Kramer, Collin Wilcox Paxton, Ann Dusenberry, Mark Gruner, Barry Coe, Susan French",United States,1978,PG,20000000.0,187884007.0,116.0,579.0,"Horror,Thriller,",Netflix
14,Jaws 3,Joe Alves,"Dennis Quaid, Bess Armstrong, Simon MacCorkindale, Louis Gossett Jr., John Putch, Lea Thompson, P.H. Moriarty, Dan Blasko, Liz Morris, Lisa Maurer",United States,1983,PG,20500000.0,87987055.0,99.0,17692.0,"Thriller,Horror,",Netflix
15,Jaws: The Revenge,Joseph Sargent,"Lorraine Gary, Lance Guest, Mario Van Peebles, Karen Young, Michael Caine, Judith Barsi, Mitchell Anderson, Lynn Whitfield",United States,1987,PG-13,23000000.0,51881013.0,89.0,580.0,"Adventure,Thriller,Horror,",Netflix
16,Naruto Shippuden the Movie: Blood Prison,Masahiko Murata,"Junko Takeuchi, Chie Nakamura, Rikiya Koyama, Kazuhiko Inoue, Masaki Terasoma, Mie Sonozaki, Yuichi Nakamura, Kengo Kawanishi, Kosei Hirota, Masako Katsuki",Japan,2011,PG-13,0.0,0.0,108.0,75624.0,"Thriller,Animation,Action,Comedy,Horror,Mystery,",Netflix
17,Krishna Cottage,Santram Varma,"Sohail Khan, Isha Koppikar, Natassha, Rati Agnihotri, Vrajesh Hirjee, Divya Palat, Hiten Tejwani, Rajendranath Zutshi",India,2004,PG-13,0.0,0.0,124.0,211105.0,"Thriller,Horror,Mystery,",Netflix
18,Kucch To Hai,"Anil V. Kumar, Anurag Basu","Tusshar Kapoor, Esha Deol, Natassha, Vrajesh Hirjee, Kusumit Sana, Rishi Kapoor, Moon Moon Sen, Johny Lever, Ashay Chitre, Jeetendra",India,2003,PG-13,0.0,0.0,142.0,383404.0,"Mystery,Horror,Thriller,Romance,",Netflix
19,Ragini MMS,Pawan Kripalani,"Kainaz Motivala, Rajkummar Rao, Rajat Kaul, Janice, Shernaza, Mangala Ahire, Vinod Rawat",India,2011,R,0.0,0.0,93.0,66841.0,"Drama,Horror,Mystery,",Netflix
20,Ragini MMS 2,Bhushan Patel,"Sunny Leone, Saahil Prem, Parvin Dabas, Sandhya Mridul, Divya Dutta, Soniya Mehra, Kainaz Motivala, Karan Mehra",India,2014,R,0.0,0.0,120.0,260266.0,"Horror,",Netflix
21,The Old Ways,Christopher Alender,"Brigitte Kali Canales, Andrea Cortes, Julia Vera, Sal Lopez",United States,2020,R,0.0,0.0,90.0,752505.0,"Horror,Fantasy,",Netflix
22,Slay,Adze Ugah,"Enhle Mbali, Ramsey Nouah, Dawn Thandeka Kang, Idris Sultan, Tumi Morake, Trevor Gumbi, Lillian Dube, Kaly Bossy Asante, Shaleen Surtie, Fabian Lojege",South Africa,2021,R,0.0,0.0,78.0,12591.0,"Comedy,Fantasy,Horror,",Netflix
23,The Haunting in Connecticut 2: Ghosts of Georgia,Tom Elkins,"Abigail Spencer, Chad Michael Murray, Katee Sackhoff, Emily Alyn Lind, Cicely Tyson, Andrea Frankle, Brad James, Lance E. Nichols",United States,2013,R,9000000.0,0.0,101.0,150202.0,"Horror,Drama,Thriller,",Netflix
24,A Classic Horror Story,"Roberto De Feo, Paolo Strippoli","Matilda Lutz, Francesco Russo, Peppino Mazzotta, Will Merrick, Yuliia Sobol, Alida Baldari Calabria, Cristina Donadio, Francesca Cavallin",Italy,2021,R,0.0,0.0,95.0,768334.0,"Horror,Mystery,",Netflix
25,The 8th Night,Kim Tae-hyung,"Lee Sung-min, Park Hae-joon, Kim You-jung, Nam Da-reum, Choi Jin-ho, Kim Dong-yeong, Lee Eal",South Korea,2021,PG-13,0.0,0.0,115.0,604360.0,"Mystery,Thriller,Horror,",Netflix
26,Winchester,"Michael Spierig, Peter Spierig","Helen Mirren, Jason Clarke, Sarah Snook, Angus Sampson, Finn Scicluna-O'Prey, Laura Brent, Tyler Coppin, Eamon Farren, Bruce Spence","Australia, United States",2018,PG-13,3500000.0,44019588.0,100.0,416234.0,"Horror,Thriller,",Netflix
27,The Game,David Fincher,"Michael Douglas, Sean Penn, Deborah Kara Unger, James Rebhorn, Peter Donat, Carroll Baker, Anna Katarina, Armin Mueller-Stahl",United States,1997,R,0.0,0.0,87.0,844396.0,"Science Fiction,Horror,",Netflix
28,The Strangers,Bryan Bertino,"Liv Tyler, Scott Speedman, Gemma Ward, Kip Weeks, Laura Margolis, Glenn Howerton, Alex Fisher, Peter Clayton-Luce",United States,2008,R,9000000.0,82391145.0,86.0,10665.0,"Horror,Mystery,Thriller,",Netflix
29,Underworld,Len Wiseman,"Kate Beckinsale, Scott Speedman, Michael Sheen, Shane Brolly, Bill Nighy, Erwin Leder, Sophia Myles, Robbie Gee, Wentworth Miller, Kevin Grevioux","United States, United Kingdom, Germany, Hungary",2003,R,70000000.0,160112671.0,88.0,52520.0,"Fantasy,Action,Horror,",Netflix
30,The Seventh Day,Justin P. Lange,"Guy Pearce, Vadhir Derbez, Stephen Lang, Brady Jenness, Chris Galust, Robin Bartlett, Heath Freeman, Keith David",United States,2021,R,0.0,0.0,87.0,645856.0,"Horror,",Netflix
31,Red Snow,Marie Clements,"Asivak Koostachin, Shafin Karim, Mozhdah Jamalzadah, Kane Mahon, Ishaan Vasdev, Samuel Marty, Miika Bryce Whiskeyjack, Tantoo Cardinal",Canada,2019,R,0.0,0.0,80.0,774454.0,"Horror,Comedy,",Netflix
32,The Devil Below,Bradley Parker,"Alicia Sanz, Will Patton, Jonathan Sadowski, Adan Canto, Zach Avery, Chinaza Uche, Jesse LaTourette",United States,2021,R,0.0,0.0,89.0,760875.0,"Horror,Thriller,",Netflix
33,A Haunted House 2,Michael Tiddes,"Marlon Wayans, Jaime Pressly, Essence Atkins, Affion Crockett, Hayes MacArthur, Rick Overton, Ashley Rickards, Cedric the Entertainer, Dave Sheridan, Missi Pyle, Gabriel Iglesias, Steele Stebbins",United States,2014,R,4000000.0,25343661.0,87.0,184345.0,"Comedy,Horror,",Netflix
34,Hostel: Part III,Scott Spiegel,"Kip Pardue, Brian Hallisay, John Hensley, Sarah Habel, Chris Coy, Skyler Stone, Thomas Kretschmann, Zulay Henao, Nickola Shreli, Derrick Carr",United States,2011,R,6000000.0,0.0,88.0,71670.0,"Horror,",Netflix
35,Population 436,Michelle MacLaren,"Jeremy Sisto, Fred Durst, Charlotte Sullivan, David Ames, Cory Cassidy, James Blicq, Martin Trudel, Reva Timbers, Rick Skene, Peter Outerbridge, Dana Horrox","Canada, United States",2006,R,0.0,0.0,88.0,1596.0,"Horror,Thriller,",Netflix
36,Welcome Home,George Ratliff,"Aaron Paul, Emily Ratajkowski, Riccardo Scamarcio, Katy Louise Saunders, Alice Bellagamba",United States,2018,R,0.0,0.0,98.0,525460.0,"Thriller,Horror,",Netflix
37,Ghost Lab,Paween Purijitpanya,"Thanapob Leeratanakachorn, Paris Intarakomalyasut, Nuttanicha Dungwattanawanich, Suquan Bulakul, Rachanee Siralert, Chaleeda Gilbert, Nuttawut Jenmana, Alanta Potjes, Anchuleeon Buagaew, Jinjuta Rattanaburi",Thailand,2021,R,0.0,0.0,117.0,710871.0,"Drama,Horror,Science Fiction,Thriller,",Netflix
38,Army of the Dead,Zack Snyder,"Dave Bautista, Ella Purnell, Omari Hardwick, Garret Dillahunt, Ana de la Reguera, Theo Rossi, Matthias Schweighöfer, Nora Arnezeder, Hiroyuki Sanada, Tig Notaro, Raúl Castillo, Huma Qureshi, Samantha Win, Richard Cetrone, Michael Cassidy",United States,2021,R,0.0,780000.0,148.0,503736.0,"Action,Crime,Horror,Thriller,",Netflix
39,The Strange House,Daniel Prochaska,"León Orlandianyi, Benno Roßkopf, Julia Koschitz, Marii Weichsler, Lars Bitterlich, Michael Pink, Inge Maux, Elfriede Schüsseleder, Michael Somma, Finn Reiter, Markus Stubeier, Luca Streussnig",Austria,2020,R,0.0,0.0,87.0,376549.0,"Drama,Horror,Mystery,Thriller,",Netflix
40,Unrest,Jennifer Brea,"Jennifer Brea, Omar Wasow, Jessica Taylor-Bearman","United Kingdom, United States",2017,R,2500000.0,0.0,88.0,10085.0,"Horror,",Netflix
41,The Darkest Hour,Chris Gorak,"Emile Hirsch, Olivia Thirlby, Max Minghella, Rachael Taylor, Joel Kinnaman, Veronika Vernadskaya, Dato Bakhtadze, Yuriy Kutsenko","United States, Russia",2011,PG-13,30000000.0,64626786.0,89.0,71469.0,"Horror,Action,Thriller,Science Fiction,",Netflix
42,The Strangers: Prey at Night,Johannes Roberts,"Bailee Madison, Martin Henderson, Emma Bellomy, Lea Enslin, Damian Maffei, Christina Hendricks, Lewis Pullman","United States, United Kingdom",2018,R,12500000.0,31039126.0,85.0,371608.0,"Horror,Thriller,",Netflix
43,HOMUNCULUS,Takashi Shimizu,"Go Ayano, Ryo Narita, Yukino Kishii, Anna Ishii, Seiyo Uchino",Japan,2021,R,0.0,0.0,59.0,2962.0,"Horror,Science Fiction,",Netflix
44,Crimson Peak,Guillermo del Toro,"Mia Wasikowska, Jessica Chastain, Tom Hiddleston, Charlie Hunnam, Jim Beaver, Burn Gorman, Leslie Hope, Doug Jones, Jonathan Hyde, Bruce Gray","Canada, United States, Mexico",2015,R,55000000.0,74679822.0,119.0,201085.0,"Horror,Romance,",Netflix
45,Synchronic,"Justin Benson, Aaron Moorhead","Anthony Mackie, Jamie Dornan, Katie Aselton, Ally Ioannides, Ramiz Monsef, Bill Oberst Jr.",United States,2020,R,0.0,1019041.0,101.0,549294.0,"Science Fiction,Drama,Thriller,Horror,",Netflix
46,What Lies Below,Braden R. Duemmler,"Ema Horvath, Trey Tucker, Mena Suvari, Haskiri Velazquez, Danny Corbo, Olan Montgomery, Troy Iwata",United States,2020,R,0.0,0.0,87.0,716703.0,"Horror,Mystery,Thriller,Science Fiction,",Netflix
47,Irul,Naseef Yusuf Izuddin,"Fahadh Faasil, Soubin Shahir, Darshana Rajendran",India,2021,R,50000.0,0.0,99.0,806322.0,"Horror,",Netflix
48,Insidious,James Wan,"Patrick Wilson, Rose Byrne, Lin Shaye, Ty Simpkins, Barbara Hershey, Leigh Whannell, Angus Sampson, Andrew Astor, Joseph Bishara","United States, Canada",2010,PG-13,1500000.0,97009150.0,103.0,49018.0,"Horror,Thriller,",Netflix
49,Into the Grizzly Maze,David Hackl,"James Marsden, Thomas Jane, Billy Bob Thornton, Piper Perabo, Scott Glenn, Michaela McManus, Adam Beach, Kelly Curran","United States, Canada",2015,R,10000000.0,0.0,94.0,244316.0,"Action,Horror,Thriller,",Netflix
50,The Stepfather,Nelson McCormick,"Dylan Walsh, Sela Ward, Penn Badgley, Amber Heard, Sherry Stringfield, Paige Turco, Jon Tenney, Nancy Linehan Charles, Marcuis Harris, Braeden Lemasters, Deirdre Lovejoy",United States,2009,PG-13,20000000.0,31198531.0,101.0,19904.0,"Horror,Thriller,",Netflix
51,The Block Island Sound,"Kevin McManus, Matthew McManus","Chris Sheffield, Michaela McManus, Neville Archambault, Ryan O'Flanagan, Matilda Lawler, Jim Cummings, Jeremy Holm, Heidi Niedermeyer, Willie C. Carpenter, Matthew Lawler",United States,2020,R,0.0,0.0,103.0,731740.0,"Horror,Science Fiction,",Netflix
52,The Conjuring,James Wan,"Vera Farmiga, Patrick Wilson, Lili Taylor, Ron Livingston, Shanley Caswell, Hayley McFarland, Joey King, Mackenzie Foy, Kyla Deaver, Shannon Kook",United States,2013,R,13000000.0,319494638.0,112.0,138843.0,"Horror,Thriller,",Netflix
53,The Conjuring 2,James Wan,"Patrick Wilson, Vera Farmiga, Madison Wolfe, Frances O'Connor, Lauren Esposito, Benjamin Haigh, Patrick McAuley, Simon McBurney, Maria Doyle Kennedy, Simon Delaney, Franka Potente","Canada, United States, United Kingdom",2016,R,40000000.0,320392818.0,134.0,259693.0,"Horror,Thriller,",Netflix
54,No Escape Room,Alex Merkin,"Jeni Ross, Mark Ghanimé, Hamza Haq, Kathyrn Davis, Dennis Andres, Brianna Barnes",United States,2018,PG-13,0.0,0.0,85.0,552660.0,"Horror,Thriller,Mystery,",Netflix
55,Red Dot,Alain Darborg,"Nanna Blondell, Anastasios Soulis, Thomas Hanzon, Johannes Kuhnke, Tomas Bergström, Kalled Mustonen, Anna Azcárate",Sweden,2021,R,0.0,0.0,86.0,649087.0,"Thriller,Horror,",Netflix
56,All My Friends Are Dead,Jan Belcl,"Julia Wieniawa-Narkiewicz, Mateusz Więcławek, Adam Graf Turczyk, Monika Krzywkowska, Nikodem Rozbicki, Kamil Piotrowski, Adam Bobik, Paulina Gałązka, Magdalena Perlińska, Katarzyna Chojnacka, Konrad Żygadło, Szymon Roszak, Michał Sikorski, Aleksandra Pisula, Wojciech Łozowski, Michał Meyer, Adam Woronowicz",Poland,2020,R,0.0,0.0,0.0,781032.0,"Horror,",Netflix
57,Hell Fest,Gregory Plotkin,"Amy Forsyth, Reign Edwards, Bex Taylor-Klaus, Tony Todd, Christian James, Matt Mercurio, Michael Tourek, Courtney Dietz, Stephen Conroy",United States,2018,R,5500000.0,0.0,89.0,429476.0,"Horror,",Netflix
58,Sightless,Cooper Karl,"Madelaine Petsch, Alexander Koch, December Ensminger, Lee Jones",United States,2020,PG-13,0.0,0.0,89.0,733156.0,"Thriller,Horror,",Netflix
59,Death of Me,Darren Lynn Bousman,"Maggie Q, Luke Hemsworth, Alex Essoe, Ingkarat Jaraswongkosol, Kelly B. Jones, Caledonia Burr","United States, Thailand",2020,R,0.0,41848.0,95.0,595149.0,"Horror,Mystery,",Netflix
60,The Vanished,Peter Facinelli,"Thomas Jane, Anne Heche, Jason Patric, John D. Hickman, Peter Facinelli, Alex Haydon, Aleksei Archer, Kristopher Wente",United States,2020,R,0.0,0.0,115.0,718400.0,"Thriller,Horror,Crime,Action,",Netflix
61,Case 39,Christian Alvart,"Renée Zellweger, Jodelle Ferland, Ian McShane, Bradley Cooper, Callum Keith Rennie, Adrian Lester, Kerry O'Malley, Cynthia Stevenson, Alexander Conti, Philip Cabrita","United States, Canada",2009,R,27000000.0,29000000.0,109.0,28355.0,"Horror,Mystery,Thriller,",Netflix
62,The Rope Curse 2,Liao Shih-han,"Lee Kang-sheng, Wilson Hsu, Vera Chen, Yen Cheng-kuo, Chen Bor-jeng, Liu Kuo-shao",Taiwan,2020,R,0.0,0.0,104.0,737519.0,"Horror,",Netflix
63,DNA,Maïwenn,"Maïwenn, Fanny Ardant, Louis Garrel, Dylan Robert, Marine Vacth, Caroline Chaniolleau, Alain Françon, Florent Lacger, Henri-Noël Tabary, Omar Marwan","France, Algeria",2020,R,0.0,0.0,97.0,76403.0,"Horror,Thriller,Science Fiction,Action,",Netflix
64,Incarnate,Brad Peyton,"Aaron Eckhart, Carice van Houten, Catalina Sandino Moreno, David Mazouz, Keir O'Donnell, Matt Nable, Emily Jackson, Paul Vincent O'Connor, Natalija Nogulich, John Pirruccello, Mark Steger, Emjay Anthony, Karolina Wydra",United States,2016,PG-13,5000000.0,6341855.0,91.0,241258.0,"Horror,Thriller,",Netflix
65,Don’t Listen,Ángel Gómez Hernández,"Rodolfo Sancho, Ana Fernández, Ramón Barea, Belén Fabra, Lucas Blas",Spain,2020,R,0.0,443458.0,98.0,726208.0,"Drama,Horror,Thriller,",Netflix
66,Ghosts of War,Eric Bress,"Brenton Thwaites, Theo Rossi, Skylar Astin, Kyle Gallner, Alan Ritchson, Billy Zane, Shaun Toub",United Kingdom,2020,R,0.0,178592.0,94.0,608195.0,"Horror,Thriller,War,Fantasy,",Netflix
67,Black Friday,Anurag Kashyap,"Pavan Malhotra, Kay Kay Menon, Aditya Srivastava, Dibyendu Bhattacharya, Kishore Kadam, Gajraj Rao, Zakir Hussain, Imtiaz Ali, Pratima Kazmi, Raj Arjun",India,2004,R,0.0,0.0,84.0,765869.0,"Horror,Comedy,Science Fiction,",Netflix
68,Ludo,Anurag Basu,"Abhishek Bachchan, Aditya Roy Kapur, Rajkummar Rao, Sanya Malhotra, Fatima Sana Shaikh, Pankaj Tripathi, Rohit Saraf, Shalini Vatsa, Pearle Maaney",India,2020,R,0.0,0.0,90.0,349138.0,"Horror,",Netflix
69,Prom Night,Nelson McCormick,"Brittany Snow, Scott Porter, Jessica Stroup, Dana Davis, Collins Pennie, Kelly Blatz, James Ransone, Brianne Davis, Kellan Lutz, Mary Mara, Ming-Na Wen, Johnathon Schaech, Idris Elba","United States, Canada",2008,PG-13,1500000.0,14796236.0,92.0,36599.0,"Horror,Mystery,Thriller,",Netflix
70,Little Monsters,Richard Greenberg,"Fred Savage, Howie Mandel, Daniel Stern, Margaret Whitton, Rick Ducommun, Frank Whaley, Ben Savage, William Murray Weiss, Devin Ratray, Amber Barretto",United States,1989,PG,0.0,0.0,94.0,503125.0,"Horror,Comedy,",Netflix
71,Piercing,Nicolas Pesce,"Christopher Abbott, Mia Wasikowska, Laia Costa, Marin Ireland, Maria Dizzia, Wendell Pierce, Olivia Bond, Dakota Lustick",United States,2018,R,0.0,0.0,82.0,440444.0,"Horror,Thriller,Mystery,",Netflix
72,His House,Remi Weekes,"Ṣọpẹ́ Dìrísù, Wunmi Mosaku, Matt Smith, Malaika Wakoli-Abigaba",United Kingdom,2020,PG-13,0.0,0.0,93.0,575774.0,"Drama,Horror,Thriller,",Netflix
73,Kaali Khuhi,Terrie Samundra,"Shabana Azmi, Leela Samson, Sanjeeda Sheikh, Satyadeep Misra, Riva Arora, Hetvi Bhanushali, Rose Rathod",India,2020,PG-13,0.0,0.0,90.0,744876.0,"Horror,Drama,Thriller,",Netflix
74,The Day of the Lord,Santiago Alvarado Ilarri,"Juli Fàbregas, Ximena Romo, Héctor Illanes, Dolores Heredia","Mexico, Spain",2020,R,0.0,0.0,93.0,676844.0,"Drama,Horror,Thriller,",Netflix
75,Nobody Sleeps in the Woods Tonight,Bartosz M. Kowalski,"Julia Wieniawa-Narkiewicz, Michał Lupa, Wiktoria Gąsiewska, Stanisław Cywka, Sebastian Dela, Gabriela Muskała, Michał Zbroja, Mirosław Zbrojewicz, Piotr Cyrwus, Olaf Lubaszenko, Wojciech Mecwaldowski",Poland,2020,R,0.0,0.0,97.0,871964.0,"Horror,Thriller,Comedy,",Netflix
76,Tremors: Shrieker Island,Don Michael Paul,"Michael Gross, Jon Heder, Caroline Langrishe, Cassie Clare, Matthew Douglas, Sahajak Boonthanakit, David Asavanond, Jackie Cruz, Richard Brake",United States,2020,PG-13,0.0,0.0,103.0,670266.0,"Action,Horror,",Netflix
77,Unfriended,Levan Gabriadze,"Shelley Hennig, Moses Storm, Renee Olstead, Will Peltz, Jacob Wysocki, Courtney Halverson, Heather Sossaman, Matthew Bohrer, Mickey River, Cal Barnes","United States, Russia",2014,R,1000000.0,62882090.0,82.0,277685.0,"Horror,Thriller,Mystery,",Netflix
78,House of the Witch,Alex Merkin,"Emily Bader, Darren Mann, Michelle Randolph, Coy Stewart, Jesse Pepe, Arden Belle, Joel Nagle, Nolan Bateman",United States,2017,R,0.0,0.0,90.0,480157.0,"Horror,TV Movie,",Netflix
79,Hubie Halloween,Steve Brill,"Adam Sandler, Kevin James, Julie Bowen, Ray Liotta, Steve Buscemi, Maya Rudolph, Rob Schneider, June Squibb, Kenan Thompson, Tim Meadows, Michael Chiklis, Karan Brar, George Wallace, Paris Berelc, Noah Schnapp, China Anne McClain, Colin Quinn, Kym Whitley, Lavell Crawford, Mikey Day, Jackie Sandler, Sadie Sandler, Sunny Sandler",United States,2020,PG-13,14000000.0,0.0,103.0,617505.0,"Comedy,Mystery,Horror,",Netflix
80,The Binding,Domenico de Feudis,"Riccardo Scamarcio, Mía Maestro",Italy,2020,R,0.0,0.0,88.0,408755.0,"Thriller,Horror,Drama,",Netflix
81,Vampires vs. the Bronx,Oz Rodriguez,"Jaden Michael, Gerald W. Jones III, Gregory Diaz IV, Sarah Gadon, Method Man, Shea Whigham, Coco Jones, The Kid Mero, Chris Redd, Vladimir Caamaño, Jeremie Harris, Adam David Thompson, Zoe Saldana",United States,2020,PG-13,0.0,0.0,86.0,567971.0,"Comedy,Horror,",Netflix
82,We Have Always Lived in the Castle,Stacie Passon,"Taissa Farmiga, Alexandra Daddario, Crispin Glover, Sebastian Stan, Paula Malcomson, Peter Coonan, Ian Toner, Joanne Crawford",United States,2018,PG-13,0.0,0.0,96.0,411144.0,"Mystery,Thriller,Horror,",Netflix
83,The Babysitter: Killer Queen,McG,"Judah Lewis, Jenna Ortega, Emily Alyn Lind, Andrew Bachelor, Robbie Amell, Bella Thorne, Hana Mae Lee, Ken Marino, Leslie Bibb, Chris Wylde, Carl McDowell",United States,2020,R,0.0,0.0,101.0,623491.0,"Comedy,Horror,",Netflix
84,Cargo,Arati Kadav,"Vikrant Massey, Shweta Tripathi, Nandu Madhav, Konkona Sen Sharma, Biswapati Sarkar, Ritwik Bhaumik, Prabal Panjabi, Hansal Mehta",India,2020,PG-13,0.0,56385.0,105.0,425972.0,"Drama,Thriller,Horror,",Netflix
85,Cuties,Maïmouna Doucouré,"Fathia Youssouf, Médina El Aidi-Azouni, Esther Gohourou, Ilanah Cami-Goursolas, Myriam Hamma, Maïmouna Gueye, Mbissine Thérèse Diop, Demba Diaw, Mamadou Samaké",France,2020,R,8000.0,0.0,87.0,514287.0,"Horror,",Netflix
86,The Bridge Curse,Lester Hsi,"JC Lin, Vera Yen, Summer Meng, Ning Chang, Ruby Zhan, Hsieh Yi-hung, Cheng Ko",Taiwan,2020,R,0.0,0.0,87.0,678489.0,"Horror,Thriller,Mystery,",Netflix
87,Scarecrow,Khaled Marei,"Ahmed Helmy, Menna Shalaby, Khaled El Sawy, Bayoumi Fouad, Entsar, Samy Maghawry, Mahmoud Ellisy, Yasser El Tobgy, Hassan Hosny, Lotfy Labib",Egypt,2019,R,2000000.0,0.0,85.0,226948.0,"Horror,Science Fiction,",Netflix
88,Christine,Antonio Campos,"Rebecca Hall, Michael C. Hall, Tracy Letts, Maria Dizzia, J. Smith-Cameron, Timothy Simons, Kim Shaw, John Cullum, Morgan Spector, Jayson Warner Smith","United Kingdom, United States",2016,R,9700000.0,21200000.0,110.0,8769.0,"Horror,",Netflix
89,We Summon the Darkness,Marc Meyers,"Alexandra Daddario, Amy Forsyth, Keean Johnson, Maddie Hasson, Logan Miller, Austin Swift, Johnny Knoxville, Allison McAtee, Tanner Beard","United States, Canada, United Kingdom",2020,R,0.0,190760.0,91.0,546724.0,"Horror,Thriller,",Netflix
90,What Keeps You Alive,Colin Minihan,"Hannah Emily Anderson, Brittany Allen, Martha MacIsaac, Joey Klein, Charlotte Lindsay Marron",Canada,2018,R,0.0,0.0,99.0,503752.0,"Thriller,Horror,",Netflix
91,Penalty,Shubham Singh,"Lukram Smil, Manjot Singh, Shashank Arora, Kay Kay Menon, Aakash Dabhade, Srishti Jain, Bijou Thaangjam, Mohit Nain, Ashwin Kaushal",India,2019,PG-13,89000.0,0.0,90.0,27509.0,"Crime,Drama,Horror,",Netflix
92,Bulbbul,Anvita Dutt,"Tripti Dimri, Avinash Tiwary, Rahul Bose, Parambrata Chatterjee, Paoli Dam, Veera Kapur Ee",India,2020,R,0.0,0.0,94.0,714338.0,"Horror,Fantasy,",Netflix
93,The Darkness,Greg McLean,"Kevin Bacon, Radha Mitchell, David Mazouz, Lucy Fry, Matt Walsh, Jennifer Morrison, Parker Mack, Paul Reiser, Ming-Na Wen, Tara Lynne Barr",United States,2016,PG-13,4000000.0,10898293.0,92.0,257345.0,"Horror,Thriller,",Netflix
94,122,Yasir Al Yasiri,"Amina Khalil, Ahmed Dawood, Tarek Lotfy, Ahmed El Fishawy, Mahmoud Hijazi, Jihane Khalil, Asmaa Galal, Tara Emad",Egypt,2019,R,0.0,0.0,95.0,512959.0,"Horror,Thriller,",Netflix
95,Grandmother's Farm,Ahmed Zein,"Saeed Al-Sheryani, Yaser Alneyadi, Khaled Al-Nuaimi, Abdullah Al Hamiri, Abdullah Al-Ramsi, Muhammed Murshed, Meera Ali, Am Rashed, Amal Mohammed, Aisha Al Suwaidi",United Arab Emirates,2014,PG-13,0.0,0.0,80.0,724843.0,"Comedy,Horror,Thriller,",Netflix
96,I Will Follow,Ava DuVernay,"Salli Richardson-Whitfield, Michole Briana White, Omari Hardwick, Tracie Thoms, Dijon Talton, Damone Roberts, Blair Underwood, Beverly Todd",United States,2010,PG-13,5000000.0,0.0,107.0,216374.0,"Drama,Horror,Romance,Thriller,",Netflix
97,Kolaiyuthir Kaalam,Chakri Toleti,"Nayanthara, Bhoomika Chawla, Prem Kathir, Rohini Hattangadi, Pratap Pothen, Julian Freund",India,2019,PG-13,0.0,0.0,109.0,496029.0,"Crime,Thriller,Horror,",Netflix
98,Dark Light,Padraig Reynolds,"Jessica Madsen, Opal Littleton, Ed Brody, Kristina Clifford, Ben Sullivan, Gerald Tyler, Weston Meredith",United States,2019,R,0.0,0.0,90.0,614205.0,"Horror,Science Fiction,Thriller,",Netflix
99,Wildling,Fritz Böhm,"Bel Powley, Brad Dourif, Liv Tyler, Collin Kelly-Sordelet, James Le Gros",United States,2018,R,0.0,0.0,92.0,362826.0,"Horror,Fantasy,Thriller,Drama,",Netflix
100,The Occupant,"Àlex Pastor, David Pastor","Javier Gutiérrez, Mario Casas, Bruna Cusí, Ruth Díaz",Spain,2020,R,0.0,0.0,71.0,813743.0,"Horror,Thriller,",Netflix
101,Justine,Stephanie Turner,"Stephanie Turner, Glynn Turman, Daisy Prescott, Darby Stanchfield, Josh Stamberg, Bridget Kallal, Ravi Cabot-Conyers, Cleo King, Melanie Hutsell",United States,2019,R,0.0,0.0,124.0,72309.0,"Drama,Horror,",Netflix
102,Frank & Lola,Matthew Ross,"Michael Shannon, Imogen Poots, Michael Nyqvist, Justin Long, Stella Schnabel, Rosanna Arquette, Emmanuelle Devos",United States,2016,R,0.0,0.0,112.0,899294.0,"Thriller,Horror,Crime,",Netflix
103,Girl on the Third Floor,Travis Stevens,"CM Punk, Trieste Kelly Dunn, Sarah Brooks, Elissa Dowling, Karen Woditsch, Marshall Bean, Anish Jethmalani, Bishop Stevens, Tonya Kay",United States,2019,R,0.0,0.0,93.0,580630.0,"Horror,Thriller,",Netflix
104,The Forest,Jason Zada,"Natalie Dormer, Taylor Kinney, Yukiyoshi Ozawa, Eoin Macken, Stephanie Vogt, Rina Takasaki, Noriko Sakura, Yuho Yamashita",United States,2016,PG-13,0.0,0.0,83.0,929562.0,"Horror,Thriller,",Netflix
105,Polaroid,Lars Klevberg,"Kathryn Prescott, Mitch Pileggi, Grace Zabriskie, Tyler Young, Samantha Logan, Javier Botet, Katie Stevens, Madelaine Petsch, Priscilla Quintana, Davi Santos, Keenan Tracey","United States, Norway, Canada",2019,PG-13,0.0,0.0,88.0,431075.0,"Horror,Thriller,Mystery,",Netflix
106,The Car: Road to Revenge,G.J. Echternkamp,"Grant Bowler, Kathleen Munroe, Martin Hancock, Micah Balfour, Burt Grinstead, Nina Bergman, Jamie Bamber, Ronny Cox",United States,2019,R,0.0,0.0,89.0,573560.0,"Action,Horror,Thriller,Science Fiction,",Netflix
107,Die Ontwaking,Johnny Breedt,"Gys de Villiers, Juanita de Villiers, Gérard Rudolf, Paul Eilers, Pete Spyropoulos, Jaco Muller, Armand Aucamp, Christine Tesco",South Africa,2015,R,0.0,15462.0,97.0,406490.0,"Thriller,Crime,Horror,",Netflix
108,Deadcon,Caryn Waechter,"Lauren Elizabeth, Claudia Sulewski, Keith Machekanyanga, Mimi Gianopulos, Lukas Gage, Carl Gilliard, Caeli, Mark Dohner, Jessie Paege, Richard Kohnke, Dominic Burgess, Judah Mackey",United States,2019,PG-13,0.0,0.0,78.0,607072.0,"Horror,",Netflix
109,Ghost Stories,"Anurag Kashyap, Dibakar Banerjee, Karan Johar, Zoya Akhtar","Janhvi Kapoor, Sobhita Dhulipala, Sukant Goel, Gulshan Devaiah, Mrunal Thakur, Avinash Tiwary, Vijay Varma, Sagar Arya, Surekha Sikri, Pavail Gulati",India,2020,R,0.0,135095.0,98.0,429417.0,"Horror,Drama,",Netflix
110,Doom: Annihilation,Tony Giglio,"Amy Manson, Dominic Mafham, Luke Allen-Gale, James Weber Brown, Clayton Adams, Nina Bergman, Amer Chadha-Patel, Gavin Brocker, Chidi Ajufo, Hari Dhillon, Katrina Nare",United States,2019,R,0.0,0.0,97.0,520901.0,"Action,Science Fiction,Horror,Mystery,",Netflix
111,Sweetheart,J.D. Dillard,"Kiersey Clemons, Emory Cohen, Hanna Mangan Lawrence, Andrew Crawford, Benedict Samuel",United States,2019,PG-13,0.0,0.0,103.0,532870.0,"Thriller,Horror,",Netflix
112,Jacob's Ladder,David M. Rosenthal,"Michael Ealy, Jesse Williams, Nicole Beharie, Guy Burnet, Joseph Sikora, Karla Souza, Ritchie Coster, Jon Eyez",United States,2019,R,25000000.0,26118851.0,113.0,2291.0,"Drama,Mystery,Horror,",Netflix
113,It Comes at Night,Trey Edward Shults,"Joel Edgerton, Christopher Abbott, Carmen Ejogo, Riley Keough, Kelvin Harrison Jr., David Pendleton, Griffin Robert Faulkner",United States,2017,R,5000000.0,19280931.0,91.0,418078.0,"Drama,Horror,Mystery,",Netflix
114,The Green Inferno,Eli Roth,"Ignacia Allamand, Daryl Sabara, Nicolás Martínez, Lorenza Izzo, Ariel Levy, Magda Apanowicz, Sky Ferreira, Kirby Bliss Blanton, Aaron Burns, Ramón Llao, Richard Burgi","United States, Chile",2013,R,5000000.0,12666449.0,100.0,171424.0,"Horror,Thriller,Adventure,",Netflix
115,Shadow,Zhang Yimou,"Deng Chao, Sun Li, Ryan Cheng, Wang Qianyuan, Hu Jun, Wang Jingchun, Guan Xiaotong, Leo Wu","China, Hong Kong",2018,PG-13,0.0,1025190.0,83.0,675327.0,"Horror,Action,War,",Netflix
116,Rattlesnake,Zak Hilditch,"Carmen Ejogo, Theo Rossi, Emma Greenwell, Apollonia Pratt, Debrianna Mansini, Bruce Davis",United States,2019,R,0.0,0.0,85.0,560362.0,"Thriller,Drama,Mystery,Horror,",Netflix
117,Revenge of the Pontianak,"Glen Goei, Gavin Yap","Nur Fazura, Remy Ishak, Hisyam Hamid, Shenty Feliziana, Nam Ron, Tony Eusoff, Wan Hanafi Su","Singapore, Malaysia",2019,PG-13,0.0,0.0,93.0,621681.0,"Horror,Romance,",Netflix
118,Eli,Ciarán Foy,"Charlie Shotwell, Lili Taylor, Kelly Reilly, Max Martini, Sadie Sink, Deneen Tyler, Katia Gomez",United States,2019,R,0.0,0.0,98.0,483202.0,"Horror,",Netflix
119,Sinister 2,Ciarán Foy,"Shannyn Sossamon, John Beasley, James Ransone, Tate Ellington, Robert Daniel Sloan, Dartanian Sloan, Lucas Jade Zumann, Lea Coco","United States, United Kingdom",2015,R,10000000.0,53329150.0,97.0,283445.0,"Horror,",Netflix
120,In the Tall Grass,Vincenzo Natali,"Patrick Wilson, Laysla De Oliveira, Avery Whitted, Harrison Gilbertson, Rachel Wilson, Will Buie Jr.","Canada, United States",2019,R,0.0,0.0,102.0,523139.0,"Horror,Drama,Thriller,",Netflix
121,Watchman,A. L. Vijay,"G.V. Prakash Kumar, Samyuktha Hegde, Suman, Raj Arjun, Yogi Babu, Munishkanth",India,2019,PG-13,0.0,0.0,95.0,408612.0,"Drama,Thriller,Horror,",Netflix
122,Eerie,Mikhail Red,"Bea Alonzo, Jake Cuenca, Maxene Magalona, Charo Santos, Mary Joy Apostol, Gabby Padilla, Gillian Vicencio","Philippines, Singapore",2019,PG-13,0.0,0.0,101.0,522246.0,"Horror,Crime,Thriller,",Netflix
123,Girls With Balls,Olivier Afonso,"Victor Artus Solaro, Manon Azem, Louise Blachère, Tiphaine Daviot, Margot Dufrene, Anne-Solenne Hatte, Camille Razat, Dany Verissimo-Petit, Denis Lavant, Aurélien Cotentin, Mathieu Madénian, Thomas Vandenberghe","France, Belgium",2019,R,0.0,0.0,77.0,449684.0,"Horror,Comedy,",Netflix
124,The Midas Touch,Chi Keung Fung,"Chapman To, Charlene Choi, Gao Yunxiang, Shatina Chen, Alice Li, Jiayu Xie, Jiemeng Zhuang, Venus Wong, Ching-Wan Hui, Jennifer Zhang",Hong Kong,2013,PG-13,400000.0,0.0,109.0,777250.0,"Comedy,Horror,",Netflix
125,Inhuman Kiss,Sittisiri Mongkolsiri,"Phantira Pipityakorn, Oabnithi Wiwattanawarang, Sapol Assawamunkong, Surasak Vongthai, Sahatchai 'Stop' Chumrum, Sahajak Boonthanakit, Makorn Supinacharoen, Sasithorn Panichnok",Thailand,2019,R,1200000.0,0.0,122.0,587488.0,"Drama,Horror,Romance,",Netflix
126,Rakkhosh,"Abhijit Kokate, Srivinay Salian","Sanjay Mishra, Priyanka Bose, Tannishtha Chatterjee, Barun Chanda, Sonamoni Jayant Gadekar, Ashwath Bhatt, Atul Mahale",India,2019,R,0.0,0.0,113.0,586467.0,"Horror,",Netflix
127,The 3rd Eye 2,Rocky Soraya,"Jessica Mila, Bianca Hello, Nabilah Ayu, Sophia Latjuba, Jeremy Thomas",Indonesia,2019,R,0.0,0.0,115.0,573106.0,"Horror,Mystery,Thriller,",Netflix
128,The Perfection,Richard Shepard,"Allison Williams, Logan Browning, Steven Weber, Alaina Huffman, Mark Kandborg, Graeme Duffy",United States,2019,R,0.0,0.0,90.0,529962.0,"Horror,Thriller,Drama,",Netflix
129,Munafik 2,Syamsul Yusof,"Syamsul Yusof, Maya Karin, Nasir Bilal Khan, Rahim Razali, Fizz Fairuz, Fauzi Nawawi, Mawi, Ku Faridah",Malaysia,2018,R,0.0,0.0,104.0,544530.0,"Horror,",Netflix
130,Dabbe: The Possession,Hasan Karacadağ,"Cansu Kurgun, Irmak Örnek, A. Murat Özgen, Sultan Köroğlu Kılıç, Elçin Atamgüç, Sabriye Günüç, Furkan Bayraktar, Mehmet Canbeg, Oguzhan Kocakli",Turkey,2013,R,0.0,0.0,134.0,254712.0,"Horror,",Netflix
131,The Silence,John R. Leonetti,"Stanley Tucci, Kiernan Shipka, Miranda Otto, Kate Trotter, John Corbett, Kyle Breitkopf, Dempsey Bryk, Billy MacLellan","Canada, Germany",2019,PG-13,0.0,2325977.0,91.0,527261.0,"Horror,Drama,Thriller,Fantasy,",Netflix
132,Suzzanna: Buried Alive,"Rocky Soraya, Anggy Umbara","Luna Maya, Herjunot Ali, Teuku Rifnu Wikana, Verdi Solaiman, Alex Abbad",Indonesia,2018,R,0.0,0.0,125.0,551300.0,"Horror,Drama,",Netflix
133,Jagat,Shanjey Kumar Perumal,"Harvind Raj, Jibrail Rajhula, Tinesh Sarathi Krishnan, Kuben Mahadevan, Senthil Kumaran Muniandy",Malaysia,2015,R,0.0,0.0,107.0,839828.0,"Horror,Fantasy,",Netflix
134,Mercy Black,Owen Egerton,"Daniella Pineda, Elle LaMont, Janeane Garofalo, Miles Emmons, Lee Eddy, Austin Amelio, Elke Boucher-Depew, Dylan Gage, Troy Anthony Hogan, Jamy Lentz",United States,2019,PG-13,0.0,200046.0,87.0,590164.0,"Horror,Mystery,Thriller,",Netflix
135,Danur: I Can See Ghosts,Awi Suryadi,"Prilly Latuconsina, Sandrinna Michelle, Shareefa Daanish, Indra Brotolaras, Kinaryosih, Inggrid Widjanarko, Asha Kenyeri Bermudez, Wesley Andrew, Kevin Bzezovski Taroreh, Gamaharitz",Indonesia,2017,R,0.0,0.0,74.0,450647.0,"Horror,",Netflix
136,Sei,Raj Babu,"Nakhul, Aanchal Munjal, Nassar, Prakash Raj, Thalaivasal Vijay, Manobala, Jeyan Cherthala, Annadurai Kannadasan",India,2018,PG-13,0.0,0.0,88.0,28055.0,"Horror,Mystery,Thriller,",Netflix
137,Imago,"Karan Shivajirao Chavan, Vikram Tanajirao Patil","Aishwarya Ghaydar, Amol Deshmukh, Adarsh Kurne, Vishwas Kamble, Neha Awati, Amaraja Patil, Rinkle Chopde, Shreyas Gurav",India,2018,PG,3700000.0,0.0,96.0,30449.0,"Horror,",Netflix
138,Paranormal Investigation,Franck Phelizon,"Andrei Indreies, Jean-Baptiste Heuet, Jose Atuncar, Pierre Porquet, Claudine Bertin, Gabriella Jordan, Effie Rey, Catalin Morar, Antoine Rodriguez","United States, France",2018,PG-13,0.0,0.0,92.0,585997.0,"Horror,Thriller,",Netflix
139,Await Further Instructions,Johnny Kevorkian,"Sam Gittins, Grant Masters, Neerja Naik, Abigail Cruttenden, Kris Saddler, Holly Weston, David Bradley",United Kingdom,2018,R,0.0,0.0,91.0,505063.0,"Mystery,Horror,Science Fiction,",Netflix
140,Velvet Buzzsaw,Dan Gilroy,"Jake Gyllenhaal, Rene Russo, Zawe Ashton, Toni Collette, John Malkovich, Natalia Dyer, Daveed Diggs, Tom Sturridge",United States,2019,R,21000000.0,0.0,113.0,463684.0,"Thriller,Mystery,Horror,",Netflix
141,Hantu Kak Limah,Mamat Khalid,"Awie, Arab Khalid, Sharwani Ns, Tj Isa, Delimawati, Zul Ariffin, Uqasha Senrose, Ropie Cecupak",Malaysia,2018,PG,0.0,0.0,111.0,544487.0,"Comedy,Horror,",Netflix
142,Animas,"Laura Alvea, José Ortuño","Clare Durant, Iván Pellicer, Luis Bermejo, Liz Lobato, Chacha Huang, Ángela Molina","Spain, Belgium",2018,R,0.0,0.0,83.0,484436.0,"Thriller,Drama,Horror,",Netflix
143,Echcharikkai,Sarjun,"Sathyaraj, Varalakshmi Sarathkumar, Kishore Kumar G., Vivek Rajgopal, Jayakumar, Yogi Babu, Soundar, L. Alice",India,2018,PG-13,0.0,0.0,134.0,459377.0,"Crime,Thriller,Horror,",Netflix
144,The Doll,Rocky Soraya,"Shandy Aulia, Denny Sumargo, Sara Wijayanto, Vitta Mariana Barrazza, Demian Aditya, Faiza Mahnur, Hans Gunawan, Aslam Abad, Annette Edoarda, Wenty Mamenda",Indonesia,2016,R,0.0,0.0,106.0,416497.0,"Thriller,Horror,",Netflix
145,The Doll 2,Rocky Soraya,"Luna Maya, Herjunot Ali, Sara Wijayanto, Maria Sabta, Rydhen Afexi, Ira Ilva Sari, Shofia Shireen, Mega Carefansa, Wati Sudiyono, Princess Martinez",Indonesia,2017,R,0.0,0.0,116.0,460578.0,"Horror,Thriller,",Netflix
146,Nang Nak,Nonzee Nimibutr,"Inthira Charoenpura, Winai Kraibutr",Thailand,1999,R,0.0,0.0,111.0,44108.0,"Drama,Romance,Horror,",Netflix
147,Bad Seeds,Kheiron,"Kheiron, Catherine Deneuve, André Dussollier, Louison Blivet, Adil Dehbi, Hakou Benosmane, Youssouff Wague, Mahia Zrouki, Joseph Jovanovic","France, Belgium",2018,R,0.0,0.0,57.0,427539.0,"Crime,Drama,Horror,",Netflix
148,23:59,Gilbert Chan,"Tedd Chan, Stella Chung, Henley Hii, Lawrence Koh, Tommy Kuan, Josh Lai, Mark Lee, Susan Leong, Benjamin Lim",Singapore,2011,R,600000.0,1208479.0,78.0,107227.0,"Horror,",Netflix
149,The Tribe,Fernando Colomo,"Paco León, Carmen Machi, Luis Bermejo, Maribel del Pino, Maite Sandoval, Arlette Torres, Marisol Aznar, María José Sarrate, Manuel Huedo, Artur Busquets",Spain,2018,R,0.0,0.0,94.0,13489.0,"Horror,Thriller,Comedy,",Netflix
150,May the Devil Take You,Timo Tjahjanto,"Chelsea Islan, Pevita Pearce, Samo Rafael, Karina Suwandhi, Ray Sahetapy, Ruth Marini, Hadijah Shahab, Clara Bernadeth, Kinaryosih, Nicole Rossi",Indonesia,2018,R,0.0,0.0,110.0,524738.0,"Horror,Thriller,",Netflix
151,Errementari: The Blacksmith and the Devil,Paul Urkijo Alijo,"Kandido Uranga, Uma Bracaglia, Eneko Sagardoy, Ramón Agirre, Josean Bengoetxea, Gotzon Sánchez, José Ramón Argoitia, Gorka Aguinagalde, Iñigo de la Iglesia, Aitor Urtzelai","Spain, France",2018,R,0.0,0.0,98.0,477033.0,"Drama,Fantasy,Horror,",Netflix
152,Kuntilanak,Rizal Mantovani,"Sandrinna M Skornicki, Aurélie Moeremans, Fero Walandouw, Andryan Bima, Ciara Nadine Brosnan, Ali Fikry, Adlu Fahrezy, Nena Rosier, Naufal Ho, Aqi Singgih",Indonesia,2018,PG-13,0.0,0.0,105.0,524736.0,"Horror,Comedy,",Netflix
153,Tales From the Hood 2,"Rusty Cundieff, Darin Scott","Keith David, Bryan Batt, Alexandria Deberry, Bill Martin Williams, Martin Bats Bradford, Kendrick Cross, Jasmine Akakpo, Kedrick Brown",United States,2018,R,0.0,0.0,110.0,470614.0,"Horror,",Netflix
154,Seven in Heaven,Chris Eigeman,"Travis Tope, Haley Ramm, Jacinda Barrett, Gary Cole, Dylan Everett, Clark Backo, Vinson Tran, Paulino Nunes, Jeff Clarke",United States,2018,PG-13,0.0,0.0,94.0,500535.0,"Horror,",Netflix
155,Malevolent,Olaf de Fleur,"Florence Pugh, Ben Lloyd-Hughes, Celia Imrie, James Cosmo, Scott Chambers, Georgina Bevan",United Kingdom,2018,R,0.0,0.0,89.0,481375.0,"Horror,",Netflix
156,Truth or Dare,Nick Simon,"Cassandra Scerbo, Brytni Sarpy, Mason Dye, Harvey Guillen, Luke Baines, Ricardo Hoyos, Alexxis Lemire, Christina Masterson, Heather Langenkamp",United States,2017,R,3500000.0,95330493.0,101.0,460019.0,"Thriller,Horror,",Netflix
157,Agyaat,Ram Gopal Varma,"Adesh Bhardwaj, Rasika Dugal, Joy Fernandes, Ravi Kale, Ishtiyak Khan, Priyanka Kothari, Kali Prasad Mukherjee, Nitin Reddy, Gautam Rode, Howard Rosemeyer",India,2009,PG-13,0.0,0.0,98.0,20507.0,"Horror,Mystery,",Netflix
158,The 3rd Eye,Rocky Soraya,"Jessica Mila, Denny Sumargo, Citra Prima, Bianca Hello, Epy Kusnandar, Anita Hara, Derry Drajat, Voke Victoria, Shofia Shireen, Afdhal Yusman",Indonesia,2018,R,0.0,0.0,3.0,695697.0,"Horror,",Netflix
159,Invisible,Pablo Giorgelli,"Mora Arenillas, Mara Bestelli, Diego Cremonesi","Argentina, France",2017,R,7000000.0,130234661.0,124.0,570670.0,"Thriller,Science Fiction,Horror,",Netflix
160,The Warning,Daniel Calparsoro,"Raúl Arévalo, Aura Garrido, Hugo Arbues, Belén Cuesta, Antonio Dechent, Aitor Luna, Sergio Mur",Spain,2018,R,500000.0,500000.0,79.0,245142.0,"Horror,",Netflix
161,Romina,Diego Cohen,"Francisca Lozano, Oliver Nava, Arantza Ruiz, Claudia Zepeda, Walter Bercht, Roberto Beck, Victor Bonilla, Eduardo Negrete",Mexico,2018,R,0.0,0.0,74.0,535488.0,"Horror,Thriller,",Netflix
162,The Maus,Yayo Herrero,"Alma Terzic, August Wittgenstein, Aleksandar Seksan, Sanin Milavic, Diana Fernández Pérez, Ella Jazz",Spain,2017,R,2395510.0,0.0,90.0,461931.0,"Drama,Fantasy,Horror,",Netflix
163,TAU,Federico D'Alessandro,"Maika Monroe, Ed Skrein, Gary Oldman",United States,2018,R,0.0,0.0,97.0,411143.0,"Science Fiction,Thriller,Horror,",Netflix
164,Family Blood,Sonny Mallhi,"James Ransone, Vinessa Shaw, Ajiona Alexus, Colin Ford",United States,2018,R,0.0,0.0,92.0,511449.0,"Horror,Thriller,",Netflix
165,Sometimes,Priyadarshan,"Prakash Raj, Shreya Reddy, Ashok Selvan",India,2016,PG-13,0.0,0.0,97.0,27769.0,"Horror,TV Movie,",Netflix
166,Beyond Skyline,Liam O'Donnell,"Frank Grillo, Bojana Novakovic, Jonny Weston, Callan Mulvey, Antonio Fargas, Yayan Ruhian, Pamelyn Chee, Jacob Vargas, Iko Uwais","United States, Canada, Indonesia, United Kingdom, China, Singapore",2017,R,20000000.0,992181.0,105.0,271404.0,"Action,Science Fiction,Adventure,Horror,",Netflix
167,Day of the Dead: Bloodline,Hèctor Hernández Vicens,"Johnathon Schaech, Sophie Skelton, Marcus Vanco, Jeff Gum, Lillian Blankenship, Ulyana Chan, Shari Watson, Atanas Srebrev",Bulgaria,2018,R,8000000.0,0.0,90.0,485415.0,"Action,Horror,",Netflix
168,Ravenous,Robin Aubert,"Marc-André Grondin, Monia Chokri, Charlotte St-Martin, Brigitte Poupart, Marie-Ginette Guay, Micheline Lanctôt, Édouard Tremblay-Grenier, Luc Proulx, Didier Lucien, Robert Brouillette, Patrick Hivon",Canada,2017,R,12000000.0,0.0,101.0,10212.0,"Horror,Western,Adventure,",Netflix
169,Veronica,Paco Plaza,"Sandra Escacena, Claudia Placer, Bruna González, Iván Chavero, Ana Torrent, Consuelo Trujillo",Spain,2017,R,0.0,0.0,105.0,441701.0,"Horror,",Netflix
170,The Ritual,David Bruckner,"Rafe Spall, Arsher Ali, Robert James-Collier, Sam Troughton","United Kingdom, Canada",2018,R,1000000.0,1786396.0,94.0,433808.0,"Horror,Thriller,Mystery,",Netflix
171,The Cloverfield Paradox,Julius Onah,"Gugu Mbatha-Raw, David Oyelowo, Daniel Brühl, John Ortiz, Chris O'Dowd, Aksel Hennie, Zhang Ziyi, Elizabeth Debicki, Roger Davies, Clover Nee",United States,2018,PG-13,45000000.0,0.0,102.0,384521.0,"Horror,Science Fiction,Action,Thriller,",Netflix
172,The Open House,"Matt Angel, Suzanne Coote","Dylan Minnette, Piercey Dalton, Patricia Bethune, Sharif Atkins, Aaron Abrams, Edward Olson, Katie Walder, Paul Rae","Canada, United States",2018,R,0.0,0.0,94.0,485774.0,"Horror,Thriller,",Netflix
173,The House Next Door,Milind Rau,"Siddharth, Andrea Jeremiah, Anisha Victor, Atul Kulkarni, Suresh, Prakash Belawadi",India,2017,R,0.0,2893660.0,97.0,583116.0,"Comedy,Horror,",Netflix
174,Before I Wake,Mike Flanagan,"Kate Bosworth, Thomas Jane, Jacob Tremblay, Annabeth Gish, Dash Mihok, Jay Karnes, Lance E. Nichols",United States,2016,PG-13,0.0,3295624.0,97.0,301804.0,"Drama,Fantasy,Horror,Thriller,",Netflix
175,Creep 2,Patrick Brice,"Mark Duplass, Desiree Akhavan, Karan Soni",United States,2017,R,0.0,0.0,80.0,396493.0,"Horror,Thriller,",Netflix
176,Temple,Michael Barrett,"Logan Huffman, Natalia Warner, Brandon Sklenar, Naoto Takenaka, Asahi Uchida, Mei Kurokawa, Hisashi Miyazawa, Miho Tamaki, Seiki Chiba, Yoshimi Tachi","Japan, United States",2017,R,0.0,0.0,78.0,467239.0,"History,Horror,",Netflix
177,1922,Zak Hilditch,"Thomas Jane, Molly Parker, Dylan Schmid, Kaitlyn Bernard, Bob Frazer, Brian d'Arcy James, Neal McDonough",United States,2017,R,0.0,0.0,102.0,452507.0,"Horror,Crime,Drama,",Netflix
178,Gerald's Game,Mike Flanagan,"Carla Gugino, Bruce Greenwood, Henry Thomas, Carel Struycken, Chiara Aurelia",United States,2017,R,0.0,0.0,104.0,343674.0,"Horror,Thriller,",Netflix
179,The Bad Batch,Ana Lily Amirpour,"Suki Waterhouse, Jason Momoa, Keanu Reeves, Jim Carrey, Giovanni Ribisi, Yolonda Ross",United States,2016,R,6000000.0,180851.0,119.0,316154.0,"Drama,Horror,Science Fiction,",Netflix
180,Little Evil,Eli Craig,"Adam Scott, Evangeline Lilly, Bridget Everett, Owen Atlas, Chris D'Elia, Donald Faison, Clancy Brown, Tyler Labine, Kyle Bornheimer, Carla Gallo, Brad Williams, Sally Field",United States,2017,R,0.0,0.0,94.0,346671.0,"Comedy,Horror,",Netflix
181,Berlin Syndrome,Cate Shortland,"Matthias Habich, Max Riemelt, Teresa Palmer, Lucie Aron, Emma Bading",Australia,2017,R,0.0,397783.0,116.0,363126.0,"Mystery,Thriller,Drama,Horror,",Netflix
182,Demonic,Will Canon,"Maria Bello, Frank Grillo, Cody Horn, Dustin Milligan, Megan Park, Scott Mechlowicz, Aaron Yoo, Alex Goode, Terence Rosemore, Jesse Steccato",United States,2015,R,0.0,0.0,104.0,774021.0,"Drama,Horror,Science Fiction,",Netflix
183,The Devil's Mistress,Filip Renc,"Tatiana Pauhofová, Karl Markovics, Gedeon Burkhard, Simona Stasová, Martin Huba, Pavel Kríz, Zdenka Procházková, Anna Fialová, Lenka Vlasáková, Jirí Mádl","Czech Republic, Slovakia",2016,R,0.0,0.0,66.0,329711.0,"Horror,Western,",Netflix
184,Clinical,Alistair Legrand,"Vinessa Shaw, Kevin Rahm, William Atherton, Aaron Stanford, Wilmer Calderon, Sydney Tamiia Poitier, India Eisley, Nestor Serrano",United States,2017,R,0.0,0.0,104.0,433244.0,"Thriller,Horror,",Netflix
185,Mr. Pig,Diego Luna,"Danny Glover, Maya Rudolph, José María Yazpik, Joel Murray, Angélica Aragón, Gabriela Araujo",Mexico,2016,R,0.0,0.0,81.0,688146.0,"Horror,",Netflix
186,I Am the Pretty Thing That Lives in the House,Osgood Perkins,"Ruth Wilson, Bob Balaban, Lucy Boynton, Paula Prentiss","Canada, United States",2016,PG-13,0.0,0.0,89.0,407559.0,"Horror,Thriller,",Netflix
187,Hush,Mike Flanagan,"John Gallagher Jr., Kate Siegel, Michael Trucco, Samantha Sloyan, Emma Graves",United States,2016,R,0.0,0.0,82.0,376570.0,"Horror,Thriller,",Netflix
188,He Never Died,Jason Krawczyk,"Henry Rollins, Booboo Stewart, Kate Greenhouse, Jordan Todosey, David Richmond-Peck, James Cade, Don Francks, Steven Ogg",Canada,2015,R,0.0,0.0,99.0,279690.0,"Comedy,Drama,Fantasy,Horror,",Netflix
189,Creep,Patrick Brice,"Mark Duplass, Patrick Brice",United States,2014,R,0.0,0.0,85.0,8555.0,"Horror,Thriller,Mystery,",Netflix
190,Splatter,Joe Dante,"Corey Feldman, Tony Todd, Tara Leigh, Erin Way, Mark Alan, Stuart Pankin",United States,2009,R,0.0,0.0,77.0,30996.0,"Horror,Mystery,Thriller,",Netflix
191,Ég man þig,Óskar Thór Axelsson,"Jóhannes Haukur Jóhannesson, Ágústa Eva Erlendsdóttir, Elma Stefania Agustsdottir, Thor Kristjansson, Anna Gunndís Guðmundsdóttir, Sara Dögg Ásgeirsdóttir, Þröstur Leó Gunnarsson, Jóhann Sigurðarson, Sveinn Geirsson, Arnar Páll Harðarson",Iceland,2017,R,2408070.0,0.0,105.0,423236.0,"Drama,Mystery,Thriller,Horror,",Netflix
192,13 Cameras,Victor Zarcoff,"PJ McCabe, Brianne Moncrief, Sarah Baldwin, Jim Cummings, Heidi Niedermeyer, Neville Archambault",United States,2015,NR,0.0,0.0,87.0,347751.0,"Drama,Horror,Crime,",Netflix
193,13 Sins,Daniel Stamm,"Mark Webber, Rutina Wesley, Devon Graye, Tom Bower, Ron Perlman, Pruitt Taylor Vince",United States,2014,R,5000000.0,13809.0,93.0,155084.0,"Horror,Thriller,",Netflix
194,14 Cameras,"Scott Hussion, Seth Fuller","Neville Archambault, Amber Midthunder, Brytnee Ratledge, Hank Rogerson, Chelsea Edmundson, John-Paul Howard, Lora Martinez-Cunningham, Brianne Moncrief",United States,2018,R,0.0,0.0,90.0,534235.0,"Horror,Thriller,",Netflix
195,1BR,David Marmor,"Nicole Brydon Bloom, Giles Matthey, Taylor Nichols, Alan Blumenfeld, Celeste Sully, Susan Davis, Clayton Hoff, Earnestine Phillips",United States,2019,R,0.0,0.0,90.0,611605.0,"Thriller,Drama,Horror,",Netflix
196,1st Summoning,Raymond Wood,"Hayley Lovitt, Teddy Cole, Brook Todd, Ace Harney, Jason Macdonald",United States,2018,R,0.0,0.0,97.0,583046.0,"Horror,",Netflix
197,28 Days,Betty Thomas,"Sandra Bullock, Viggo Mortensen, Dominic West, Diane Ladd, Elizabeth Perkins, Steve Buscemi, Alan Tudyk, Mike O'Malley, Azura Skye, Reni Santoni, Marianne Jean-Baptiste",United States,2000,PG-13,5000000.0,85720385.0,113.0,170.0,"Horror,Thriller,Science Fiction,",Netflix
198,6-5=2,Bharat Jain,"Prashantt Guptha, Gaurav Paswala, Gaurav Kothari, Disha Kapoor, Niharica Raizada, Ashrut Jain, Darshan Machamada",India,2014,R,0.0,0.0,102.0,485510.0,"Horror,",Netflix
199,A Haunted House,Michael Tiddes,"Marlon Wayans, Essence Atkins, Cedric the Entertainer, Nick Swardson, David Koechner, Dave Sheridan, Affion Crockett, J.B. Smoove, Andrew Daly, Alanna Ubach",United States,2013,R,2500000.0,60141683.0,86.0,139038.0,"Comedy,Horror,",Netflix
200,A Haunting at Silver Falls: The Return,Teo Konuralp,"Laura Flannery, James Cavlo, Harry Hains, Clemmie Dugdale, Dendrie Taylor, Bryan Chesters, Jennifer Dorogi, Adam Lazarre-White, Nikita Ramsey",United States,2019,PG-13,0.0,0.0,79.0,609064.0,"Horror,",Netflix
201,A.M.I.,Rusty Nixon,"Debs Howard, Philip Granger, Sam Robert Muik, Havana Guppy, Bonnie Hay, Veronica Hampson, Lori Triolo, Andrew Coghlan, Laura Mitchell, Elinet Louicius",Canada,2019,R,0.0,0.0,77.0,612587.0,"Horror,",Netflix
202,Adrishya,Sandeep Chatterjee,"Ravi Kumar, Ayesha Singh, Nishat Mallick, Archana Kotwal, Rakesh Chaturvedi Om, Nidhi Mahavan, Abhijit Sinha, Abdur Rehman",India,2017,PG-13,0.0,0.0,106.0,538123.0,"Drama,Family,Horror,",Netflix
203,Aftershock,Nicolás López,"Eli Roth, Andrea Osvárt, Ariel Levy, Natasha Yarovenko, Nicolás Martínez, Lorenza Izzo, Marcial Tagle, Ramón Llao, Ignacia Allamand, Paz Bascuñán","United States, Chile",2012,R,2000000.0,58510.0,89.0,123103.0,"Horror,Thriller,",Netflix
204,All Hallows' Eve,Charlie Vaughn,"Lexi Giovagnoli, Ashley Argota, John DeLuca, Diane Salinger, Martin Klebba, Tracey Gold, Dee Wallace, Pilot Paisley-Rose, Daniel Cooksley, Vincent Giovagnoli, Dillon Cavitt",United States,2016,G,0.0,0.0,82.0,231001.0,"Horror,",Netflix
205,All Light Will End,Chris Blake,"Ashley Pereira, Alexandra Harris, Ted Welch, Sam Jones III, Sarah Butler, Andy Buckley, Graham Outerbridge, Michael James Thomas, John Schuck, Aaron Munoz",United States,2018,R,0.0,0.0,85.0,513510.0,"Horror,Thriller,",Netflix
206,All the Boys Love Mandy Lane,Jonathan Levine,"Anson Mount, Edwin Hodge, Michael Welch, Brooke Bloom, Amber Heard, Aaron Himelstein, Whitney Able, Luke Grimes, Melissa Price",United States,2006,R,750000.0,0.0,90.0,9022.0,"Horror,Mystery,Thriller,",Netflix
207,Apollo 18,Gonzalo López-Gallego,"Warren Christie, Lloyd Owen, Ryan Robbins, Michael Kopsa, Andrew Airlie","United States, Canada",2011,PG-13,5000000.0,25562924.0,86.0,50357.0,"Horror,Thriller,Science Fiction,",Netflix
208,"As Above, So Below",John Erick Dowdle,"Perdita Weeks, Ben Feldman, Edwin Hodge, François Civil, Marion Lambert, Ali Marhyar, Cosme Castro, Hamid Djavadan, Théo Cholbi, Emy Lévy",United States,2014,R,5000000.0,40100000.0,93.0,256274.0,"Horror,Thriller,",Netflix
209,Assimilate,John Murlowski,"Joel Courtney, Calum Worthy, Andi Matichak, Katherine McNamara, Cam Gigandet, Mason McNulty, Terry Dale Parks, Vito Viscuso, Jennifer Pierce Mathus, Kevin Remington",United States,2019,R,0.0,0.0,93.0,528985.0,"Horror,Thriller,Science Fiction,",Netflix
210,ATM,Mez Tharatorn,"Chantavit Dhanasevi, Preechaya Pongthananikorn, Chaleumpol Tikumpornteerawong, Thawat Pornrattanaprasert, Sananthachat Thanapatpisal, Pongkool Suebsung, Puttachat Pongsuchat, Gornpop Janjaroen, Yanee Tramoth, Pongsatorn Jongwilak","United States, Canada",2012,PG-13,3000000.0,921752.0,91.0,89691.0,"Horror,Thriller,",Netflix
211,Backcountry,Adam MacDonald,"Missy Peregrym, Jeff Roop, Eric Balfour, Nicholas Campbell",Canada,2014,NR,0.0,0.0,92.0,228973.0,"Thriller,Drama,Horror,",Netflix
212,Backtrack,Michael Petroni,"Adrien Brody, Sam Neill, Robin McLeavy, Bruce Spence, Jenni Baird, Chloe Bayliss, Anna Lise Phillips, George Shevtsov","Australia, United Kingdom, United Arab Emirates, Canada",2015,R,0.0,0.0,90.0,332704.0,"Thriller,Horror,",Netflix
213,Bad Match,David Chirchirillo,"Jack Cutmore-Scott, Lili Simmons, Brandon Scott, Chase Williamson, Noureen DeWulf, Seth Morris, Christine Donlon, Trent Haaga, Kahyun Kim, Cynthia Rose Hall, Zedrick Restauro, Eric Podnar","Singapore, United States",2017,R,0.0,0.0,90.0,429727.0,"Thriller,Horror,",Netflix
214,Bhool Bhulaiyaa,Priyadarshan,"Akshay Kumar, Vidya Balan, Ameesha Patel, Shiney Ahuja, Paresh Rawal, Rajpal Yadav, Manoj Joshi, Asrani, Vikram Gokhale, Rasika Joshi",India,2007,PG-13,0.0,0.0,151.0,19025.0,"Comedy,Horror,Thriller,",Netflix
215,Bhoot,Ram Gopal Varma,"Ajay Devgn, Urmila Matondkar, Nana Patekar, Rekha, Fardeen Khan, Victor Banerjee, Tanuja, Seema Biswas",India,2003,R,0.0,0.0,137.0,726207.0,"Horror,Comedy,",Netflix
216,Cabin Fever,Travis Zariwny,"Gage Golightly, Matthew Daddario, Samuel Davis, Nadine Crocker, Dustin Ingram, Randy Schulman",United States,2016,R,1500000.0,30553395.0,93.0,11547.0,"Horror,",Netflix
217,Candyman,Bernard Rose,"Virginia Madsen, Tony Todd, Xander Berkeley, Kasi Lemmons, Vanessa Williams, DeJuan Guy, Michael Culkin, Stanley DeSantis","United States, United Kingdom",1992,R,25000000.0,77389310.0,91.0,565028.0,"Horror,Mystery,Thriller,",Netflix
218,Carrie,Brian De Palma,"Sissy Spacek, Piper Laurie, Amy Irving, William Katt, John Travolta, Nancy Allen, Betty Buckley, P.J. Soles, Priscilla Pointer, Sydney Lassick, Stefan Gierasch, Michael Talbott, Doug Cox, Harry Gold, Noelle North",United States,1976,R,30000000.0,82394288.0,100.0,133805.0,"Drama,Horror,",Netflix
219,Carriers,"Àlex Pastor, David Pastor","Lou Taylor Pucci, Chris Pine, Piper Perabo, Emily VanCamp, Christopher Meloni, Kiernan Shipka, Ron McClary, Mark Moses",United States,2009,PG-13,0.0,5802422.0,84.0,25769.0,"Action,Drama,Horror,Science Fiction,Thriller,",Netflix
220,Chernobyl Diaries,Bradley Parker,"Ingrid Bolsø Berdal, Dimitri Diatchenko, Olivia Taylor Dudley, Devin Kelley, Jesse McCartney, Nathan Phillips, Jonathan Sadowski, Alex Feldman, Kristof Konrad, Pasha D. Lychnikoff",United States,2012,R,1000000.0,38390020.0,88.0,93856.0,"Horror,Thriller,",Netflix
221,Child's Play,Tom Holland,"Catherine Hicks, Alex Vincent, Brad Dourif, Chris Sarandon, Dinah Manoff, Tommy Swerdlow, Jack Colvin, Neil Giuntoli, Juan Ramírez, Alan Wilder",United States,1988,R,9000000.0,44196684.0,87.0,10585.0,"Horror,",Netflix
222,Compulsion,Craig Goodwill,"Analeigh Tipton, Jakob Cedergren, Marta Gastini, Jan Bijvoet, Anita Kravos, Valentin Merlet","United Kingdom, Canada, Italy",2016,R,0.0,0.0,92.0,368182.0,"Thriller,Horror,Fantasy,",Netflix
223,Conjuring Spirit,Van M. Pham,"Phuong Mai, Quang Su, Hoang Phuc Nguyen, Chi Pu, Tien Pham, Hoai An",Vietnam,2014,R,0.0,0.0,115.0,386219.0,"Horror,",Netflix
224,Cult of Chucky,Don Mancini,"Fiona Dourif, Michael Therriault, Adam Hurtig, Alex Vincent, Jennifer Tilly, Brad Dourif, Summer H. Howell, Grace Lynn Kung, Elisabeth Rosen, Zak Santiago, Ali Tataryn",United States,2017,R,6500000.0,2200000.0,91.0,393345.0,"Horror,Thriller,",Netflix
225,Dabbe 6: The Return,Hasan Karacadağ,"Sema Şimşek, Nilay Gök, Volkan Ünal, Fehmi Karaarslan, Elçin Atamgüç, Ömer Duran, Murat Seviş, Aybike Turan, Burak Çimen",Turkey,2015,R,0.0,0.0,153.0,393821.0,"Horror,",Netflix
226,Darna Mana Hai,Prawal Raman,"Aftab Shivdasani, Antara Mali, Boman Irani, Isha Koppikar, Nana Patekar, Raghuvir Yadav, Rajpal Yadav, Revathy, Saif Ali Khan, Sameera Reddy, Sanjay Kapoor, Shilpa Shetty, Sohail Khan, Vivek Oberoi",India,2003,R,0.0,0.0,121.0,74481.0,"Horror,",Netflix
227,Death House,Harrison Smith,"Cody Longo, Cortney Palm, Adrienne Barbeau, Michael Berryman, Barbara Crampton, Sid Haig, Gunnar Hansen, Lindsay Hartley, Kane Hodder, Lloyd Kaufman, Camille Keaton, Bill Moseley, Tony Todd, Dee Wallace, Vincent Ward, Vernon Wells",United States,2017,R,0.0,10615000.0,88.0,287523.0,"Horror,Action,Crime,Thriller,Fantasy,",Netflix
228,Delirium,Dennis Iliadis,"Topher Grace, Genesis Rodriguez, Patricia Clarkson, Callan Mulvey, Robin Thomas, Daisy McCrackin",United States,2018,R,0.0,0.0,96.0,340601.0,"Thriller,Horror,",Netflix
229,Devil's Gate,Clay Staub,"Amanda Schull, Milo Ventimiglia, Shawn Ashmore, Bridget Regan, Jonathan Frakes, Sarah Constible, Spencer Drever, Javier Botet",Canada,2017,R,0.0,0.0,94.0,355193.0,"Thriller,Horror,Science Fiction,",Netflix
230,Dismissed,Benjamin Arfmann,"Kent Osborne, Dylan Sprouse, Rae Gray, Alycia Delmore, Robert Longstreet, Chris Bauer, Randall Park, Mitchell Edwards, Victoria Zeutzius, Leslie Thurston, Matthew J. Evans",United States,2017,PG-13,0.0,0.0,87.0,398588.0,"Thriller,Horror,",Netflix
231,Don't Be Afraid of the Dark,Troy Nixey,"Katie Holmes, Guy Pearce, Bailee Madison, Jack Thompson, Garry McDonald, Alan Dale, Julia Blake, Edwina Ritchard, Emilia Burns, Guillermo del Toro","United States, Australia, Mexico",2010,R,25000000.0,36993168.0,99.0,46261.0,"Fantasy,Horror,Thriller,",Netflix
232,Don't Knock Twice,Caradog W. James,"Katee Sackhoff, Lucy Boynton, Richard Mylan, Nick Moran, Pascale Wilson, Javier Botet, Pooneh Hajimohammadi, Sarah Buckland",United Kingdom,2016,R,0.0,0.0,93.0,420245.0,"Horror,",Netflix
233,Don't Look Down,Daniel Gordon,Richard Branson,United Kingdom,2016,R,0.0,0.0,90.0,58752.0,"TV Movie,Horror,Thriller,",Netflix
234,Doom,Andrzej Bartkowiak,"Karl Urban, Rosamund Pike, Dwayne Johnson, Deobia Oparei, Ben Daniels, Razaaq Adoti, Richard Brake, Dexter Fletcher, Al Weaver, Brian Steele","United Kingdom, Czech Republic, Germany, United States",2005,R,60000000.0,58072119.0,105.0,8814.0,"Action,Horror,Science Fiction,",Netflix
235,Elizabeth Harvest,Sebastian Gutierrez,"Abbey Lee, Ciarán Hinds, Carla Gugino, Matthew Beard, Dylan Baker",United States,2019,R,0.0,4973.0,105.0,457041.0,"Science Fiction,Thriller,Horror,Mystery,",Netflix
236,Emelie,Michael Thelin,"Sarah Bolger, Joshua Rush, Carly Adams, Thomas Bair, Susan Pourfar, Chris Beetem",United States,2016,R,0.0,0.0,82.0,329010.0,"Horror,Thriller,",Netflix
237,Event Horizon,Paul W.S. Anderson,"Laurence Fishburne, Sam Neill, Kathleen Quinlan, Joely Richardson, Richard T. Jones, Jack Noseworthy, Jason Isaacs, Sean Pertwee","United Kingdom, United States",1997,R,60000000.0,26673242.0,96.0,8413.0,"Horror,Science Fiction,Mystery,",Netflix
238,Final Destination,James Wong,"Devon Sawa, Ali Larter, Kerr Smith, Kristen Cloke, Seann William Scott, Tony Todd, Daniel Roebuck, Chad Donella, Roger Guenveur Smith, Amanda Detmer",United States,2000,R,23000000.0,112880294.0,98.0,9532.0,"Horror,",Netflix
239,Final Destination 2,David R. Ellis,"Ali Larter, A.J. Cook, Michael Landes, Terrence 'T.C.' Carson, Jonathan Cherry, Keegan Connor Tracy, Sarah Carter, Lynda Boyd, David Paetkau, Justina Machado","United States, Canada",2003,R,26000000.0,90941129.0,90.0,9358.0,"Horror,Mystery,",Netflix
240,Final Destination 3,James Wong,"Mary Elizabeth Winstead, Ryan Merriman, Kris Lemche, Alexz Johnson, Sam Easton, Jesse Moss, Gina Holden, Texas Battle, Chelan Simmons, Crystal Lowe, Amanda Crew","United States, Germany",2006,R,25000000.0,118890272.0,93.0,9286.0,"Horror,Mystery,",Netflix
241,First Kill,Steven C. Miller,"Hayden Christensen, Bruce Willis, Gethin Anthony, Megan Leonard, Tyler Jon Olson, Shea Buckner, William DeMeo, Magi Avila, Ty Shelton, Christine Dye","United Kingdom, Canada, United States",2017,R,0.0,9572765.0,99.0,760161.0,"Horror,Thriller,",Netflix
242,Follow Me,Asri Bendacha,Asri Bendacha,"United Arab Emirates, United States, United Kingdom",2017,R,0.0,3551439.0,88.0,606625.0,"Horror,Thriller,",Netflix
243,Gehenna: Where Death Lives,Hiroshi Katagiri,"Eva Swan, Simon Phillips, Justin Gordon, Doug Jones, Lance Henriksen, Matthew Edward Hegstrom, Patrick Gorman, Sean Sprawling, Masashi Odate","Japan, United States",2016,R,0.0,0.0,107.0,403283.0,"Horror,Thriller,Mystery,Science Fiction,",Netflix
244,Ghost House,Rich Ragsdale,"Scout Taylor-Compton, James Landry Hébert, Mark Boone Junior, Michael S. New, Russell Geoffrey Banks, Rich Lee Gray, Elana Krausz, Kevin Ragsdale, Wen-Chu Yang, Katrina Grey","Thailand, United States",2017,R,0.0,0.0,92.0,359228.0,"Horror,Thriller,Mystery,",Netflix
245,Ginger & Rosa,Sally Potter,"Elle Fanning, Alessandro Nivola, Christina Hendricks, Alice Englert, Timothy Spall, Oliver Platt, Annette Bening, Jodhi May, Oliver Milburn, Andrew Hawley","United Kingdom, Denmark, Canada, Croatia",2012,PG-13,5000000.0,0.0,108.0,9871.0,"Horror,",Netflix
246,Goosebumps 2: Haunted Halloween,Ari Sandel,"Jeremy Ray Taylor, Madison Iseman, Caleel Harris, Wendi McLendon-Covey, Chris Parnell, Ken Jeong, Jack Black","United States, United Kingdom",2018,PG,35000000.0,93320380.0,90.0,442062.0,"Adventure,Comedy,Fantasy,Family,Horror,",Netflix
247,Gothika,Mathieu Kassovitz,"Halle Berry, Robert Downey Jr., Charles S. Dutton, John Carroll Lynch, Bernard Hill, Penélope Cruz, Dorian Harewood, Bronwen Mantel","United States, France, Canada, Spain",2003,R,40000000.0,141591324.0,98.0,4970.0,"Horror,Thriller,",Netflix
248,Grand Masti,Indra Kumar,"Riteish Deshmukh, Vivek Oberoi, Aftab Shivdasani, Suresh Menon, Manjari Fadnis, Sonalee Kulkarni, Karishma Tanna, Kainaat Arora, Bruna Abdullah, Maryam Zakaria, Pradeep Singh Rawat",India,2013,R,0.0,0.0,127.0,403862.0,"Comedy,Fantasy,Horror,",Netflix
249,Green Room,Jeremy Saulnier,"Anton Yelchin, Imogen Poots, Patrick Stewart, Alia Shawkat, Joe Cole, Callum Turner, Macon Blair, David W. Thompson, Mark Webber, Eric Edelstein, Kai Lennox",United States,2015,R,5000000.0,3769214.0,95.0,313922.0,"Horror,Crime,Thriller,",Netflix
250,Happy Hunting,"Joe Dietsch, Louie Gibson","Martin Dingle-Wall, Ken Lally, Kenny Wormald, Connor Williams, Gary Sturm, C.J. Baker, Jeremy Lawson, Liesel Hanson, Kenneth Billings, Michael Tipps",United States,2017,R,0.0,0.0,91.0,412762.0,"Horror,Thriller,",Netflix
251,Happy Times,Luis Javier M. Henaine,"Luis Arrieta, Cassandra Ciangherotti, Humberto Busto, Iván Arana, Bárbara de Regil, Miguel Rodarte",Mexico,2014,NR,0.0,0.0,93.0,639965.0,"Comedy,Horror,",Netflix
252,Haunting on Fraternity Row,Brant Sersen,"Jacob Artist, Jayson Blair, Shanley Caswell, Claudia Lee, Ashton Moio, Cameron Moulene, Molly Tarlov, Chester Rushing",United States,2018,R,0.0,0.0,93.0,551608.0,"Horror,Mystery,Thriller,",Netflix
253,Havenhurst,Andrew C. Erin,"Julie Benz, Belle Shouse, Josh Stamberg, Danielle Harris, Douglas Tait, Matt Lasky, Dendrie Taylor, Toby Huss, Jennifer Blanc, Fionnula Flanagan",United States,2016,R,0.0,0.0,80.0,403368.0,"Horror,Mystery,Thriller,",Netflix
254,He's Out There,Quinn Lasher,"Yvonne Strahovski, Anna Pniowsky, Abigail Pniowsky, Ryan McDonald, Justin Bruening, Julian Bailey",United States,2018,R,0.0,0.0,89.0,431185.0,"Horror,Thriller,",Netflix
255,Head Count,Elle Callahan,"Isaac Jay, Ashleigh Morghan, Bevin Bru, Billy Meade, Hunter Peterson, Chelcie May, Tory Freeth, Michael Herman, Amaka Obiechie, Sam Marra, Cooper Rowe",United States,2018,R,0.0,0.0,90.0,549935.0,"Horror,Mystery,Thriller,",Netflix
256,Here Alone,Rod Blackhurst,"Lucy Walters, Gina Piersanti, Adam David Thompson, Shane West, Ryken A. Whitfield, Abel McSurely Bradshaw, Rebecca Spiro",United States,2016,R,0.0,0.0,97.0,390582.0,"Horror,Thriller,Science Fiction,",Netflix
257,Hide & Seek,Shawn Arranha,"Purab Kohli, Arjan Bajwa, Mrinalini Sharma, Sameer Kochhar, Ayaz Khan, Amruta Patki, Pavail Gulati, Prashant, Amol Mhatre",India,2010,PG-13,30000000.0,127369981.0,101.0,11096.0,"Horror,Mystery,",Netflix
258,Hisss,Jennifer Lynch,"Mallika Sherawat, Irrfan Khan, Jeff Doucette, Divya Dutta, Raman Trikha, Mahmoud Babai, Raj Bhansali, Sunny Charles, Tony Ciccone, Parvez Khan","India, United States",2010,R,10000000.0,0.0,98.0,47655.0,"Fantasy,Horror,Thriller,",Netflix
259,Holidays,"Anthony Scott Burns, Nicholas McCarthy, Adam Egypt Mortimer, Gary Shore, Kevin Smith, Sarah Adina Smith, Scott Stewart, Kevin Kolsch, Dennis Widmyer","Madeleine Coghlan, Savannah Kennick, Ruth Bradley, Ava Acres, Sophie Traub, Jocelin Donahue, Harley Morenstein, Harley Quinn Smith, Ashley Greene, Olivia Roush, Seth Green, Clare Grant, Lorenza Izzo, Andrew Bowen","United States, Ireland",2016,R,0.0,0.0,105.0,323262.0,"Comedy,Horror,",Netflix
260,Horror Story,Ayush Raina,"Karan Kundra, Nishant Malkani, Hassan Zaidi, Ravish Desai, Radhika Menon, Aparna Bajpai, Nandini Vaid, Sheetal Singh, Bikramjeet Singh, Masood Akhtar",India,2013,PG-13,0.0,0.0,99.0,311539.0,"Horror,Fantasy,",Netflix
261,House at the End of the Street,Mark Tonderai,"Gil Bellows, Max Thieriot, Jennifer Lawrence, Elisabeth Shue, Jordan Hayes, James Thomas, Eva Link, Nolan Gerard Funk, Allie MacDonald, Krista Bridges","United States, Canada",2012,PG-13,6900000.0,44287131.0,101.0,82505.0,"Horror,Thriller,",Netflix
262,Hungerford,Drew Casson,"Drew Casson, Georgia Bradley, Sam Carter, Tom Scarlett, Nigel Morgan, Colin Stark, Kitty Speed",United Kingdom,2014,R,40000.0,0.0,79.0,268229.0,"Action,Horror,Science Fiction,",Netflix
263,Hypersomnia,Gabriel Grieco,"Yamila Saud, Gerardo Romano, Jimena Barón, Vanesa González, Candela Vetrano, Florencia Torrente, Nazareno Casero, Sofía Gala, Gustavo Garzón, Belén Chavanne, Fabiana Cantilo, Peter Lanzani",Argentina,2016,R,0.0,0.0,90.0,451654.0,"Mystery,Thriller,Horror,Fantasy,",Netflix
264,Kill Command,Steven Gomez,"Vanessa Kirby, David Ajala, Mike Noble, Bentley Kalu, Tom McKay, Kelly Gough, Osi Okerafor, Damian Kell, Tim Ahern, Deborah Rosan, Thure Lindhardt",United Kingdom,2016,R,0.0,0.0,99.0,384798.0,"Action,Horror,Science Fiction,",Netflix
265,Killer Klowns from Outer Space,Stephen Chiodo,"Grant Cramer, Suzanne Snyder, John Allen Nelson, John Vernon, Michael S. Siegel, Peter Licassi, Royal Dano, Christopher Titus, Irene Michaels, Karla Sue Krull",United States,1988,PG-13,2000000.0,43625095.0,88.0,16296.0,"Comedy,Horror,Science Fiction,",Netflix
266,KL Zombi,Woo Ming Jin,"Zizan Razak, Siti Saleha, Zain Hamid, Izara Aishah, Fadzli Daniel Ali, Usop Wilcha",Malaysia,2013,PG-13,0.0,0.0,97.0,217930.0,"Horror,Comedy,Thriller,",Netflix
267,Knock Knock,Eli Roth,"Keanu Reeves, Lorenza Izzo, Ana de Armas, Aaron Burns, Ignacia Allamand, Dan Baily, Megan Baily, Colleen Camp, Antonio Quercia","United States, Chile, Israel",2015,R,2500000.0,6341684.0,99.0,263472.0,"Drama,Thriller,Horror,",Netflix
268,Kristy,Oliver Blackburn,"Haley Bennett, Ashley Greene, Erica Ash, Lucas Till, Chris Coy, Al Vicente, Wayne Pére, Jon Arthur, Mike Seal",United States,2013,NR,6900000.0,0.0,86.0,146229.0,"Thriller,Horror,",Netflix
269,Laddaland,Sopon Sukdapisit,"Saharat Sangkapreecha, Pok Piyatida Woramusik, Sutatta Udomsilp, Athipich Chutiwatkajornchai, Deuntem Salitul, Sahajak Boonthanakit",Thailand,2011,R,0.0,0.0,117.0,64215.0,"Horror,Drama,",Netflix
270,Last Night,Massy Tadjedin,"Keira Knightley, Sam Worthington, Guillaume Canet, Eva Mendes, Griffin Dunne, Anson Mount, Stephanie Romanov, Scott Adsit, Daniel Eric Gold","United States, France",2010,R,43000000.0,22957625.0,117.0,576845.0,"Horror,Mystery,Thriller,",Netflix
271,Lechmi,B.N. Shajeer Sha,"Parvathy Ratheesh, Biju Sopanam, Sethulekshmi Amma, Molly Angamaly",India,2017,R,0.0,0.0,150.0,471714.0,"Thriller,Horror,Comedy,",Netflix
272,Legion,Scott Stewart,"Paul Bettany, Lucas Black, Tyrese Gibson, Adrianne Palicki, Charles S. Dutton, Jon Tenney, Kevin Durand, Willa Holland, Kate Walsh, Dennis Quaid, Jeanette Miller, Cameron Harlow, Doug Jones, Josh Stamberg, Yancey Arias",United States,2010,R,26000000.0,67918658.0,100.0,22894.0,"Horror,Action,Fantasy,",Netflix
273,Life After Beth,Jeff Baena,"Aubrey Plaza, Dane DeHaan, John C. Reilly, Molly Shannon, Cheryl Hines, Paul Reiser, Matthew Gray Gubler, Anna Kendrick, Paul Weitz",United States,2014,R,2400000.0,88273.0,90.0,244566.0,"Romance,Comedy,Horror,",Netflix
274,Lifechanger,Justin McConnell,"Lora Burke, Jack Foley, Bill Oberst Jr., Elitsa Bako, Sam James White, Rachel Vanduzer, Steve Kasan",Canada,2018,R,0.0,0.0,84.0,532645.0,"Horror,Thriller,",Netflix
275,Lincoln,Steven Spielberg,"Daniel Day-Lewis, Sally Field, David Strathairn, Joseph Gordon-Levitt, James Spader, Hal Holbrook, Tommy Lee Jones, Jackie Earle Haley, John Hawkes, Jared Harris, Joseph Cross, Tim Blake Nelson, David Oyelowo, Bruce McGill","United States, India",2012,PG-13,69000000.0,116471580.0,105.0,72331.0,"Action,Fantasy,Horror,",Netflix
276,Little Lunch: The Halloween Horror Story,Tim Bartley,"Flynn Curry, Olivia Deeble, Madison Lu, Oisín O'Leary, Faith Seci, Joshua Sitch, Heidi Arena, Wayne Hope",Australia,2016,PG,0.0,0.0,13.0,641495.0,"Comedy,Horror,",Netflix
277,Lupt,Prabhuraj,"Javed Jaffrey, Vijay Raaz, Karan Aanand, Niki Walia, Meenakshi Dixit, Rishabh Chaddha, Rishina Kandhari, Kiearra Soni",India,2018,PG-13,0.0,0.0,117.0,538126.0,"Horror,Thriller,",Netflix
278,Mad Ron's Prevues from Hell,Jim Monaco,"Nick Pawlow, Jordu Schell, Jay Kushwara, Michael Townsend Wright, Anthony Kelly, Happy Goldsplatt, Ron Roccia, Fred Pomerleau, Joe Amodei, Nicholas Kitsopoulos",United States,1987,NR,0.0,0.0,83.0,86632.0,"Horror,",Netflix
279,Madre,Aaron Burns,"Daniela Ramírez, Cristobal Tapia Montt, Aida, Matías Bassi, Nicolás Durán, Ignacia Allamand",Chile,2016,R,0.0,0.0,97.0,438463.0,"Thriller,Horror,",Netflix
280,Malicious,Michael Winnick,"Bojana Novakovic, Josh Stewart, Delroy Lindo, Melissa Bolona, Yvette Yates, Luke Edwards, Jaqueline Fleming, Ben VanderMey, Presley Richardson, Joy Kate Lawson",United States,2018,R,3500000.0,0.0,90.0,426375.0,"Thriller,Horror,",Netflix
281,Mantra,Nicholas Kharkongor,"Rajat Kapoor, Lushin Dubey, Kalki Koechlin, Shiv Pandit, Adil Hussain, Rohan Joshi, Yuri Suri, Maya Krishna Rao",India,2017,PG-13,0.0,0.0,103.0,933138.0,"Thriller,Horror,",Netflix
282,Mara,Clive Tonge,"Olga Kurylenko, Javier Botet, Mitch Eakins, Lance E. Nichols, Rosie Fellner, Mackenzie Imsand, Dandy Barrett, Craig Conway, Melissa Bolona",United Kingdom,2017,R,5000000.0,470901.0,100.0,514277.0,"Crime,Horror,Thriller,",Netflix
283,Medium,Jacek Koprowicz,"Władysław Kowalski, Michał Bajor, Jerzy Zelnik, Jerzy Stuhr, Grażyna Szapołowska, Jerzy Nowak, Ewa Dałkowska, Piotr Machalica, Zygmunt Zintel, Henryk Bista","Poland, West Germany",1985,R,1000000.0,0.0,111.0,71511.0,"Fantasy,Horror,Thriller,",Netflix
284,Moor,Jami,"Hameed Sheikh, Samiya Mumtaz, Shaz Khan, Abdul Qadir, Shabbir Rana, Sultan Hussain, Ayaz Samoo, Nayyar Ejaz, Sonia Hussain","Pakistan, United States",2015,PG-13,0.0,0.0,76.0,279994.0,"Horror,Thriller,",Netflix
285,My Babysitter's a Vampire: The Movie,Bruce McDonald,"Matthew Knight, Vanessa Morgan, Atticus Mitchell, Cameron Kennedy, Kate Todd, Joe Dinicol, Ella Jonas Farlinger, Ari Cohen, Laura de Carteret, Hrant Alianak",Canada,2010,PG,0.0,0.0,80.0,63700.0,"Adventure,Comedy,Family,Fantasy,TV Movie,Horror,",Netflix
286,Mythily Veendum Varunnu,Sabu Varghese,"Udhay, Kiran Raj, I.M. Vijayan, Sandhanam, Shivani Bhai, Sangeetha Balan",India,2017,PG,0.0,0.0,94.0,468014.0,"Horror,",Netflix
287,Nails,Dennis Bartok,"Leah McNamara, Shauna Macdonald, Steve Wall, Ross Noble, Charlotte Bradley, Richard Foster-King, Dennis Bartok, Robert O'Mahoney, Muireann D'Arcy",Ireland,2017,R,5500000.0,0.0,85.0,408185.0,"Horror,",Netflix
288,Off Course,Nacho G. Velilla,"Yon González, Julián López, Blanca Suárez, Malena Alterio, Úrsula Corberó, Miki Esparbé, Younes Bachir, Javier Cámara, Carmen Machi, José Sacristán",Spain,2015,R,500.0,0.0,9.0,671555.0,"Thriller,Horror,",Netflix
289,Oh My Ghost 2,Poj Arnon,"Kohtee Aramboy, Yingsak Chonglertjetsadawong, Jaturong Mokjok, Apaporn Nakornsawan, Pharanyu Rojanawuthitham, Wiradit Srimalai, Ekkachai Srivichai, Chaiwat Thongsaeng, Kachapa Toncharoen",Thailand,2011,R,0.0,0.0,102.0,164859.0,"Comedy,Horror,",Netflix
290,Oh My Ghost 3,Poj Arnon,"Kohtee Aramboy, Yingsak Chonglertjetsadawong, Jaturong Mokjok, Waraphat Phatsathit, Wiradit Srimalai, Ekkachai Srivichai, Varuth Waratham, Butsarin Yokpraipan",Thailand,2012,R,0.0,0.0,98.0,249231.0,"Comedy,Horror,",Netflix
291,Our House,Anthony Scott Burns,"Thomas Mann, Nicola Peltz, Percy Hynes White, Kate Moyer, Carlyn Burchell, John Ralston, Christine Horne, Allison Hossack, Lucius Hoyos, Marcia Bennett","Canada, United States, Germany",2018,PG-13,0.0,0.0,90.0,414191.0,"Horror,Drama,Thriller,",Netflix
292,Paranormal Activity,Oren Peli,"Katie Featherston, Randy McDowell, Amber Armstrong, Mark Fredrichs, Micah Sloat, Ashley Palmer, James Piper",United States,2007,R,215000.0,194183034.0,85.0,23827.0,"Horror,Mystery,",Netflix
293,Pee Mak,Banjong Pisanthanakun,"Mario Maurer, Davika Hoorne, Nattapong Chartpong, Pongsatorn Jongwilak, Wiwat Kongrasri, Kantapat Permpoonpatcharasuk, Sean Jindachot",Thailand,2013,R,1800000.0,33000000.0,111.0,184219.0,"Comedy,Romance,Horror,",Netflix
294,Phobia 2,"Banjong Pisanthanakun, Paween Purikitpanya, Songyos Sugmakanan, Parkpoom Wongpoom, Visute Poolvoralaks","Jirayu La-ongmanee, Charlie Trairat, Worrawech Danuwong, Marsha Wattanapanich, Nicole Theriault, Chumphorn Thepphithak, Gacha Plienwithi, Suteerush Channukool, Peeratchai Roompol, Nattapong Chartpong",Thailand,2009,R,0.0,5030049.0,125.0,37963.0,"Thriller,Horror,",Netflix
295,R.L. Stine's Mostly Ghostly,Richard Correll,"Madison Pettis, Sterling Beaumon, Luke Benward, Brian Stepanek, David DeLuise, Kim Rhodes, Adam Hicks, Ali Lohan, Sabrina Bryan, Rachel Winfree, Diego Acuña",United States,2008,PG,0.0,0.0,89.0,406052.0,"Family,Fantasy,Horror,",Netflix
296,Red Christmas,Craig Anderson,"Dee Wallace, Geoff Morrell, Sarah Bishop, Janis McGavin, David Collins, Bjorn Stewart, Gerard O'Dwyer, Deelia Meriel, Sam Campbell, Anthony Jensen, Robert Anderson",Australia,2016,R,0.0,0.0,82.0,399372.0,"Horror,Thriller,",Netflix
297,Resident Evil: Afterlife,Paul W.S. Anderson,"Milla Jovovich, Ali Larter, Kim Coates, Shawn Roberts, Sergio Peris-Mencheta, Spencer Locke, Boris Kodjoe, Wentworth Miller","Germany, France, United States, Canada, United Kingdom",2010,R,60000000.0,300228084.0,97.0,35791.0,"Action,Adventure,Horror,Science Fiction,",Netflix
298,Revelations,Vijay Jayapal,"Chetan, Lakshmi Priyaa Chandramouli, Anantharam Karthik, Arpita Banerjee",India,2016,NR,350000.0,0.0,75.0,70584.0,"Horror,",Netflix
299,Rise of the Zombie,"Devaki Singh, Luke Kenny","Luke Kenny, Kirti Kulhari, Ashwin Mushran, Benjamin Gilani",India,2013,R,0.0,0.0,94.0,192736.0,"Thriller,Horror,Drama,",Netflix
300,Room for Rent,Matthew Atkinson,"Brett Gelman, Mark Little, Carla Gallo, Stephnie Weir, Patrick J. Adams, Mark McKinney",Canada,2017,R,0.0,0.0,81.0,600751.0,"Thriller,Horror,",Netflix
301,Rosemary's Baby,Roman Polanski,"Mia Farrow, John Cassavetes, Ruth Gordon, Sidney Blackmer, Maurice Evans, Ralph Bellamy, Patsy Kelly, Elisha Cook Jr., Emmaline Henry, Charles Grodin",United States,1968,R,3200000.0,33395426.0,138.0,805.0,"Drama,Horror,Thriller,",Netflix
302,Scream 2,Wes Craven,"Neve Campbell, David Arquette, Courteney Cox, Sarah Michelle Gellar, Jamie Kennedy, Laurie Metcalf, Elise Neal, Jerry O'Connell, Timothy Olyphant, Jada Pinkett Smith, Liev Schreiber, Lewis Arquette, Duane Martin, Rebecca Gayheart, Portia de Rossi, Omar Epps, Tori Spelling, Heather Graham, Joshua Jackson, Luke Wilson",United States,1997,R,24000000.0,172363301.0,120.0,4233.0,"Horror,Mystery,",Netflix
303,Scream 3,Wes Craven,"David Arquette, Neve Campbell, Courteney Cox, Patrick Dempsey, Scott Foley, Lance Henriksen, Matt Keeslar, Jenny McCarthy, Emily Mortimer, Parker Posey, Deon Richmond, Kelly Rutherford, Liev Schreiber, Patrick Warburton, Jamie Kennedy",United States,2000,R,40000000.0,161834276.0,116.0,4234.0,"Horror,Mystery,",Netflix
304,Shark Night,David R. Ellis,"Sara Paxton, Dustin Milligan, Chris Carmack, Katharine McPhee, Donal Logue, Joshua Leonard, Sinqua Walls, Chris Zylka, Alyssa Diaz, Joel David Moore",United States,2011,PG-13,28000000.0,10126458.0,91.0,65055.0,"Thriller,Horror,",Netflix
305,Silent Hill: Revelation,M.J. Bassett,"Deborah Kara Unger, Adelaide Clemens, Sean Bean, Malcolm McDowell, Carrie-Anne Moss, Radha Mitchell, Martin Donovan, Kit Harington","Canada, France, United States",2012,R,20000000.0,55362705.0,94.0,61012.0,"Thriller,Horror,Mystery,",Netflix
306,Sinister Circle,Dorian Fernández-Moris,"Milene Vázquez, Matías Raygada, Claudia Dammert, Marcello Rivera, Atilia Boschetti, Hernán Romero, Ismael Contreras, Pietro Sibille, Leslie Shaw",Peru,2017,R,0.0,0.0,86.0,451303.0,"Fantasy,Horror,",Netflix
307,Siren,Gregg Bishop,"Chase Williamson, Hannah Fierman, Justin Welborn, Hayes Mercure, Michael Aaron Milligan, Brittany S. Hall, Randy McDowell, Lindsey Garrett, William Mark McCullough, Patrick Wood",United States,2016,R,300000.0,0.0,82.0,355506.0,"Horror,",Netflix
308,Soul to Keep,"David Allensworth, Monière","Sandra Mae Frank, Aurora Heimbach, Craig Fogel, Tony Spitz, Jordan Theodore, Kate Rose Reynolds, Jessie Jordan, Derek Long, Sophia Getz, Amelia Sheeler",United States,2019,R,0.0,0.0,90.0,511491.0,"Horror,Thriller,",Netflix
309,St. Agatha,Darren Lynn Bousman,"Sabrina Kern, Carolyn Hennesy, Courtney Halverson, Shaun Fletcher, Lindsay Seim, Hannah Fierman, Trin Miller, Seth Michaels, Justin Miles",United States,2018,R,0.0,1468454.0,103.0,502406.0,"Horror,Thriller,",Netflix
310,Stephanie,Akiva Goldsman,"Shree Cooks, Frank Grillo, Anna Torv",United States,2017,R,0.0,0.0,86.0,333357.0,"Horror,Fantasy,Drama,Mystery,",Netflix
311,Stonehearst Asylum,Brad Anderson,"Kate Beckinsale, Jim Sturgess, David Thewlis, Brendan Gleeson, Ben Kingsley, Michael Caine, Jason Flemyng, Sophie Kennedy Clark, Sinéad Cusack, Edmund Kingsley",United States,2014,PG-13,0.0,2478806.0,112.0,207933.0,"Thriller,Mystery,Horror,",Netflix
312,Sweeney Todd: The Demon Barber of Fleet Street,Tim Burton,"Johnny Depp, Helena Bonham Carter, Alan Rickman, Timothy Spall, Sacha Baron Cohen, Jamie Campbell Bower, Laura Michelle Kelly, Jayne Wisener, Ed Sanders","United States, United Kingdom",2007,R,50000000.0,152000000.0,116.0,13885.0,"Drama,Horror,",Netflix
313,Terrifier,Damien Leone,"Jenna Kanell, Samantha Scaffidi, David Howard Thornton, Catherine Corcoran, Pooya Mohseni, Matt McAllister, Katie Maguire, Gino Cafarelli, Cory DuVal, Michael Leavy",United States,2017,R,250000.0,10155347.0,138.0,663712.0,"Horror,Thriller,",Netflix
314,The Amityville Horror,Andrew Douglas,"Ryan Reynolds, Melissa George, Chloë Grace Moretz, Jesse James, Jimmy Bennett, Rachel Nichols, Philip Baker Hall, Isabel Conner, Brendan Donaldson, Annabel Armour",United States,2005,R,19000000.0,108047131.0,90.0,10065.0,"Horror,",Netflix
315,The Autopsy of Jane Doe,André Øvredal,"Emile Hirsch, Brian Cox, Ophelia Lovibond, Michael McElhatton, Parker Sawyers, Jane Perry, Olwen Catherine Kelly","United Kingdom, United States",2016,R,0.0,5972942.0,86.0,397243.0,"Horror,Mystery,",Netflix
316,The Black Room,Rolfe Kanefsky,"Natasha Henstridge, Lukas Hassel, Lin Shaye, Dominique Swain, Augie Duke, Caleb Scott, James Duval, Tiffany Shepis",United States,2016,R,0.0,0.0,91.0,425931.0,"Horror,Comedy,",Netflix
317,The Blackcoat's Daughter,Osgood Perkins,"Emma Roberts, Kiernan Shipka, Lucy Boynton, Lauren Holly, James Remar, Greg Ellwand, Elana Krausz, Heather Tod Mitchell, Peter James Haworth, Emma Holzer","Canada, United States",2015,R,0.0,19980.0,93.0,334536.0,"Horror,Thriller,",Netflix
318,The Box,Richard Kelly,"Cameron Diaz, James Marsden, Frank Langella, James Rebhorn, Holmes Osborne, Sam Oz Stone, Gillian Jacobs, Celia Weston, Deborah Rush",United States,2009,PG-13,0.0,195189.0,89.0,801071.0,"Horror,",Netflix
319,The Boy,William Brent Bell,"Jim Norton, Rupert Evans, Ben Robson, Lauren Cohan, James Russell, Jett Klyne, Diana Hardcastle","United States, Canada, China",2016,PG-13,10000000.0,73929392.0,97.0,321258.0,"Horror,Thriller,Mystery,",Netflix
320,The Bye Bye Man,Stacy Title,"Douglas Smith, Lucien Laviscount, Cressida Bonas, Michael Trucco, Doug Jones, Carrie-Anne Moss, Faye Dunaway, Jenna Kanell, Erica Tremblay, Cleo King","United States, China",2017,PG-13,7400000.0,26667197.0,96.0,292280.0,"Horror,Thriller,",Netflix
321,The Car,Elliot Silverstein,"James Brolin, Kathleen Lloyd, John Marley, R.G. Armstrong, John Rubinstein, Elizabeth Thompson, Roy Jenson, Kim Richards, Kyle Richards",United States,1977,PG,0.0,0.0,96.0,24655.0,"Horror,",Netflix
322,The Cell,Tarek Al Eryan,"Ahmed Ezz, Mohamed Mamdouh, Samer al Masri, Amina Khalil, Ahmed Safwat, Ahmed Salah Hosny, Aïcha Ben Ahmed, Rania Elkhatib, Riham Abdel Ghafour",Egypt,2017,R,33000000.0,104155843.0,107.0,8843.0,"Horror,Science Fiction,Thriller,",Netflix
323,The Charnel House,Craig Moss,"Callum Blue, Nadine Velazquez, Makenzie Moss, Erik LaRay Harvey, Danielle Lauder, Andy Favreau, Kate Linder, Neil Thackaberry, Alden Tab",United States,2016,R,0.0,0.0,90.0,347127.0,"Horror,",Netflix
324,The Chosen,Antonio Chavarrías,"Alfonso Herrera, Hannah Murray, Henry Goodman, Julian Sands, Frances Barber, Emilio Echevarría, Alejandro Calva, Elvira Mínguez, Roger Casamajor, Luis Rosales, Javier Godino, Alexander Holtmann, Brontis Jodorowsky","Spain, Mexico",2016,PG-13,0.0,0.0,88.0,346170.0,"Horror,Thriller,",Netflix
325,The Craft,Andrew Fleming,"Robin Tunney, Fairuza Balk, Neve Campbell, Rachel True, Skeet Ulrich, Christine Taylor, Breckin Meyer, Nathaniel Marston, Cliff De Young, Assumpta Serna",United States,1996,R,0.0,1922557.0,94.0,590995.0,"Horror,Drama,Fantasy,",Netflix
326,The Devil Inside,William Brent Bell,"Fernanda Andrade, Simon Quarterman, Evan Helmuth, Ionut Grama, Suzan Crowley, Bonnie Morgan, Brian Johnson",United States,2012,R,1000000.0,101758490.0,83.0,76487.0,"Thriller,Horror,",Netflix
327,The Diabolical,Alistair Legrand,"Ali Larter, Arjun Gupta, Max Rose, Merrin Dungey, Chloe Perrin, Kurt Carley, Patrick Fischler, Wilmer Calderon, Tom Wright",United States,2015,R,0.0,0.0,86.0,323370.0,"Horror,Science Fiction,Thriller,",Netflix
328,The Endless,"Justin Benson, Aaron Moorhead","Aaron Moorhead, Justin Benson, Callie Hernandez, Lew Temple, James Jordan, Tate Ellington",United States,2017,R,1000000.0,956425.0,112.0,430231.0,"Science Fiction,Horror,Thriller,",Netflix
329,The Evil Dead,Sam Raimi,"Bruce Campbell, Ellen Sandweiss, Richard DeManincor, Betsy Baker, Theresa Tilly, Bill Vincent, Scott Spiegel, Ivan Raimi, David Horton, John Cameron, Ted Raimi",United States,1981,R,350000.0,29400000.0,85.0,764.0,"Horror,",Netflix
330,The Eyes of My Mother,Nicolas Pesce,"Kika Magalhães, Olivia Bond, Will Brill, Flora Diaz, Paul Nazak, Clara Wong, Diana Agostini",United States,2016,R,0.0,0.0,76.0,371560.0,"Drama,Horror,",Netflix
331,The Figurine (Araromire),Kunle Afolayan,"Ramsey Nouah, Omoni Oboli, Kunle Afolayan, Funlola Aofiyebi, Tosin Sido, David J. Oserwe, Kate Adepegba, Muraina Oyelami, Wale Adebayo, Ombo Gogo Ombo",Nigeria,2009,PG-13,300000.0,200000.0,122.0,381961.0,"Drama,Horror,Mystery,",Netflix
332,The Final Destination,David R. Ellis,"Bobby Campo, Shantel VanSanten, Nick Zano, Haley Webb, Mykelti Williamson, Krista Allen, Andrew Fiscella, Justin Welborn, Stephanie Honoré",United States,2009,R,40000000.0,186167139.0,82.0,19912.0,"Horror,Mystery,",Netflix
333,The Gathering,Nia Dinata,"Cut Mini Theo, Tora Sudiro, Aida Nurmala, Surya Saputra, Rachel Maryam Sayidina, Trey Gondokusumo, Lili Harahap, Aurora Yahya, Wilza Lubis, Nico Siahaan",Indonesia,2003,PG-13,0.0,0.0,92.0,10943.0,"Horror,Thriller,",Netflix
334,The Golem,"Doron Paz, Yoav Paz","Hani Furstenberg, Ishai Golan, Kirill Cernyakov, Brynie Furstenberg, Lenny Ravitz, Alexey Tritenko, Adi Kvetner, Mariya Khomutova, Veronika Shostak, Konstantin Anikienko",Israel,2018,R,0.0,0.0,95.0,532635.0,"Horror,Drama,",Netflix
335,The Hatred,Michael G. Kehoe,"Sarah Davenport, Andrew Divoff, Gabrielle Bourne, Bayley Corman, Alisha Wainwright, Nina Siemaszko, Shae Smolik, David Naughton, Amanda Wyss, Darby Walker",United States,2017,R,0.0,0.0,94.0,466129.0,"Horror,Thriller,",Netflix
336,The Haunting of Molly Hartley,Mickey Liddell,"Haley Bennett, Jake Weber, Chace Crawford, Shannon Woodward, Shanna Collins, AnnaLynne McCord, Marin Hinkle, Nina Siemaszko, Josh Stewart, Jessica Lowndes, Randy Wayne",United States,2008,PG-13,0.0,15.0,82.0,14745.0,"Drama,Horror,",Netflix
337,The Heretics,Chad Archibald,"Nina Kiri, Ry Barrett, Jorja Cadence, Will King, Nina Richmond",Canada,2017,R,0.0,0.0,87.0,438736.0,"Horror,Fantasy,",Netflix
338,The Incident,Isaac Ezban,"Raúl Méndez, Nailea Norvind, Hernán Mendoza, Humberto Busto, Fernando Álvarez Rebeil, Gabriel Santoyo, Paulina Montemayor, Héctor Mendoza, Leonel Tinajero, Marcos Moreno",Mexico,2014,R,0.0,0.0,85.0,96648.0,"Horror,Thriller,",Netflix
339,The Invitation,Karyn Kusama,"Logan Marshall-Green, Emayatzy Corinealdi, Aiden Lovekamp, Michelle Krusiec, Mike Doyle, Jordi Vilasuso, Jay Larson, Marieh Delfino, Tammy Blanchard, Michiel Huisman, Lindsay Burdge, John Carroll Lynch",United States,2015,R,10000000.0,30000000.0,105.0,830788.0,"Horror,Thriller,",Netflix
340,The Lamb,Timothy Reckart,"Steven Yeun, Keegan-Michael Key, Aidy Bryant, Gina Rodriguez, Zachary Levi, Christopher Plummer, Ving Rhames, Gabriel Iglesias, Kelly Clarkson, Anthony Anderson, Patricia Heaton, Kris Kristofferson, Kristin Chenoweth, Mariah Carey, Oprah Winfrey, Tyler Perry, Tracy Morgan",United States,2017,PG,0.0,0.0,97.0,617786.0,"Horror,Drama,Thriller,",Netflix
341,The Last Exorcism,Daniel Stamm,"Patrick Fabian, Ashley Bell, Iris Bahr, Louis Herthum, Caleb Landry Jones, Tony Bentley, John Wright Jr., Shanna Forrestall, Justin Shafer, Carol Sutton","France, United States",2010,PG-13,1800000.0,67738090.0,87.0,38358.0,"Horror,Thriller,",Netflix
342,The Lodgers,Brian O'Malley,"Charlotte Vega, Bill Milner, David Bradley, Eugene Simon, Moe Dunford, Deirdre O'Kane, Roisin Murphy, Anthony Murphy, Brendan O'Rourke, Emmett Kelly",Ireland,2017,R,0.0,916727.0,93.0,429467.0,"Horror,Thriller,Mystery,",Netflix
343,The Mad Monk,Johnny To,"Stephen Chow, Maggie Cheung, Anthony Wong Chau-Sang, Kirk Wong, Ng Man-Tat, Anita Mui",Hong Kong,1993,PG-13,0.0,0.0,91.0,28669.0,"Horror,",Netflix
344,The Monster,Bryan Bertino,"Zoe Kazan, Ella Ballentine, Aaron Douglas, Christine Ebadi, Marc Hickox, Scott Speedman, Chris Webb","United States, Canada",2016,R,2700000.0,0.0,91.0,340103.0,"Horror,Drama,",Netflix
345,The Rezort,Steve Barker,"Dougray Scott, Jessica De Gouw, Martin McCann, Jassa Ahluwalia, Elen Rhys, Claire Goose","United Kingdom, Spain, Belgium",2016,R,0.0,0.0,87.0,343173.0,"Horror,",Netflix
346,The Rift: The Dark Side of the Moon,Dejan Zečević,"Ken Foree, Katarina Čas, Dragan Mićanović, Monte Markham, Denis Murić, Miroljub Lešo, Sonja Vukićević, Ratko Turčinović, Mick Garris","Serbia, South Korea, Slovenia",2016,R,0.0,0.0,90.0,386172.0,"Thriller,Horror,Science Fiction,",Netflix
347,The Ring,Gore Verbinski,"Naomi Watts, Martin Henderson, David Dorfman, Brian Cox, Jane Alexander, Lindsay Frost, Amber Tamblyn, Rachael Bella, Daveigh Chase, Shannon Cochran",United States,2002,PG-13,48000000.0,249348933.0,115.0,565.0,"Horror,Mystery,",Netflix
348,The Roommate,Christian E. Christiansen,"Leighton Meester, Minka Kelly, Cam Gigandet, Aly Michalka, Danneel Ackles, Frances Fisher, Tomas Arana, Billy Zane, Nina Dobrev, Matt Lanter, Kat Graham",United States,2011,PG-13,16000000.0,52545707.0,91.0,49950.0,"Thriller,Drama,Horror,",Netflix
349,The Similars,Isaac Ezban,"Gustavo Sánchez Parra, Cassandra Ciangherotti, Fernando Becerril, Humberto Busto, Carmen Beato, Santiago Torres, María Elena Olivares, Catalina Salas, Luis Alberti, Alberto Estrella, Pablo Guisa Koestinger",Mexico,2015,NR,0.0,0.0,89.0,268105.0,"Horror,Science Fiction,",Netflix
350,The spiral,Krzysztof Zanussi,"Jan Nowicki, Maja Komorowska, Zofia Kucówna, Aleksander Bardini, Jan Świderski, Seweryna Broniszówna, Piotr Garlicki, Marian Glinka",Poland,1978,R,750000.0,2800000.0,83.0,27452.0,"Drama,Horror,Mystery,Thriller,",Netflix
351,The Student,Steven R. Monroe,"Alicia Leigh Willis, Blake Michael, Trevor St. John, Lindsay Hartley, Eric Nelsen, Wolfgang Bodison",United States,2017,PG-13,80.0,0.0,3.0,1055367.0,"Drama,Horror,",Netflix
352,The Texas Chainsaw Massacre,Tobe Hooper,"Gunnar Hansen, Jim Siedow, Marilyn Burns, Edwin Neal, Paul A. Partain, Teri McMinn, William Vail, John Dugan, John Henry Faulk, Allen Danziger",United States,1974,R,9500000.0,107363905.0,98.0,9373.0,"Horror,",Netflix
353,The Unborn Child,Poj Arnon,"Somchai Kemglad, Pitchanart Sakakorn, Chinaradi Anupongphichart, Arisara Thongborisut, Peerawit Boonark, Chudapha Chanthakhet, Ganthida Chaang",Thailand,2011,R,0.0,0.0,95.0,72745.0,"Horror,Thriller,",Netflix
354,The Vatican Tapes,Mark Neveldine,"Olivia Taylor Dudley, Michael Peña, Dougray Scott, Djimon Hounsou, Peter Andersson, Kathleen Robertson, John Patrick Amedori, Michael Paré, Alex Sparrow, Cas Anvar",United States,2015,PG-13,13000000.0,1784763.0,91.0,157544.0,"Thriller,Horror,",Netflix
355,The Wedding Curse,Chito S. Roño,"Kris Aquino, Claudine Barretto, Boots Anson-Roa, Glaiza De Castro, Jhong Hilario, Liza Lorena, Bernard Palanca, Wendell Ramos, Maja Salvador, Ronaldo Valdez",Philippines,2006,PG,0.0,0.0,100.0,157004.0,"Thriller,Drama,Horror,",Netflix
356,The Witch,Robert Eggers,"Anya Taylor-Joy, Ralph Ineson, Kate Dickie, Harvey Scrimshaw, Ellie Grainger, Lucas Dawson, Bathsheba Garnett, Sarah Stephens, Julian Richings, Wahab Chaudhry","United Kingdom, Canada, United States",2015,R,3500000.0,40423945.0,92.0,310131.0,"Horror,Mystery,Drama,Fantasy,",Netflix
357,The Witch Files,Kyle Rankin,"Holly Taylor, Alice Ziolkoski, Britt Flatmo, Paget Brewster, Tara Robinson, Adrienne Rose White, Greg Finley, Valerie Mahaffey, Jared Boghosian, William Bornkessel",United States,2018,PG-13,0.0,0.0,87.0,476929.0,"Horror,Thriller,",Netflix
358,Train of the Dead,Sukum Maetawanitch,"Kett Thantup, Savika Chaiyadej, Sura Theerakon, Chaleumpol Tikumpornteerawong, Yarichada Wattanawongsri, Phoomjai Tangsanga, Warot Pitakanonda, Saowaluck Siriaran",Thailand,2007,R,0.0,0.0,87.0,286570.0,"Horror,",Netflix
359,Train to Busan,Sang-ho Yeon,"Gong Yoo, Yu-mi Jung, Dong-seok Ma, Soo-an Kim, Woo Shik Choi, Sohee, Eui-sung Kim",South Korea,2016,R,8500000.0,87547518.0,118.0,396535.0,"Horror,Thriller,Science Fiction,Action,",Netflix
360,Trash Fire,Richard Bates Jr.,"Adrian Grenier, Angela Trimbur, AnnaLynne McCord, Fionnula Flanagan, Matthew Gray Gubler, Ray Santiago, Sally Kirkland, Ezra Buzzington",United States,2016,R,0.0,0.0,91.0,362409.0,"Comedy,Horror,Romance,",Netflix
361,Tremors,Ron Underwood,"Kevin Bacon, Fred Ward, Finn Carter, Michael Gross, Reba McEntire, Robert Jayne, Charlotte Stewart, Tony Genaro, Ariana Richards, Richard Marcus, Victor Wong, Bibi Besch",United States,1990,PG-13,11000000.0,48572000.0,96.0,9362.0,"Horror,Comedy,Action,Science Fiction,",Netflix
362,Tremors 3: Back to Perfection,Brent Maddock,"Michael Gross, Shawn Christian, Susan Chuang, Charlotte Stewart, Ariana Richards, Tony Genaro, Barry Livingston, John Pappas, Jason Hopkins",United States,2001,PG,6000000.0,0.0,100.0,10829.0,"Action,Comedy,Horror,Science Fiction,Thriller,",Netflix
363,Tremors 4: The Legend Begins,S.S. Wilson,"Michael Gross, Sara Botsford, Billy Drago, Brent Roam, August Schellenberg, J.E. Freeman, Ming Lo, Lydia Look, Sam Ly, Neil Kopit",United States,2004,PG-13,5000000.0,0.0,101.0,10891.0,"Action,Comedy,Horror,Western,",Netflix
364,Tremors 5:  Bloodline,Don Michael Paul,"Michael Gross, Jamie Kennedy, Ernest Ndhlovu, Lawrence Joffe, Zak Hendrikz, Natalie Becker, Emmanuel Castis, Brandon Auret, Daniel Janks","South Africa, United States",2015,PG-13,0.0,0.0,99.0,339530.0,"Action,Adventure,Comedy,Horror,Science Fiction,",Netflix
365,Tremors 6: A Cold Day in Hell,Don Michael Paul,"Michael Gross, Jamie Kennedy, Tanya van Graan, Jamie-Lee Money, Stephanie Schildknecht, Greg Kriek, Jenna Upton, Jay Anstey, Christie Peruso","United States, South Africa",2018,PG-13,0.0,0.0,98.0,496704.0,"Action,Adventure,Science Fiction,Fantasy,Comedy,Horror,",Netflix
366,Tucker and Dale vs. Evil,Eli Craig,"Tyler Labine, Alan Tudyk, Katrina Bowden, Jesse Moss, Philip Granger, Brandon Jay McLaren, Christie Laing, Chelan Simmons, Travis Nelson, Alex Arsenault","Canada, United States, India, United Kingdom",2010,R,5000000.0,5224938.0,89.0,46838.0,"Comedy,Horror,",Netflix
367,Tusk,Kevin Smith,"Michael Parks, Justin Long, Haley Joel Osment, Genesis Rodriguez, Johnny Depp, Harley Morenstein, Ralph Garman, Jennifer Schwalbach",United States,2014,R,3000000.0,1882074.0,102.0,246403.0,"Comedy,Horror,",Netflix
368,Twinsanity,Buz Wallick,"Karissa Strain, Katie Strain, Yves Bright, Angie Everhart, Thaddeus Shafer, Mary O'Neil",United States,2018,R,0.0,0.0,85.0,550870.0,"Thriller,Horror,TV Movie,",Netflix
369,Two Graves,Gary Young,"Cathy Tyson, Katie Jarvis, David Hayman, Josh Herdman, Dave Johns, Danielle Harold, Kedar Williams-Stirling, Neal Ward",United Kingdom,2018,R,0.0,0.0,85.0,326420.0,"Mystery,Thriller,Fantasy,Horror,",Netflix
370,Walk with Me,"Marc Francis, Max Pugh","Benedict Cumberbatch, Thich Nhat Hanh",United Kingdom,2017,PG,10000000.0,4184990.0,135.0,1923.0,"Drama,Mystery,Horror,",Netflix
371,Welcome to Willits,Trevor Ryan,"Bill Sage, Sabina Gadecki, Anastasia Baranova, Dolph Lundgren, Thomas Dekker, Karrueche Tran, Chris Zylka, Keelin Woodell, Garrett Clayton, Shad Gaspard, Rory Culkin",United States,2017,R,6400000.0,0.0,82.0,406112.0,"Horror,",Netflix
372,What Lies Beneath,Robert Zemeckis,"Harrison Ford, Michelle Pfeiffer, Diana Scarwid, Joe Morton, James Remar, Miranda Otto, Wendy Crewson, Ray Baker, Micole Mercurio, Amber Valletta, Sloane Shelton",United States,2000,PG-13,100000000.0,291420351.0,130.0,2655.0,"Drama,Horror,Mystery,Thriller,",Netflix
373,Wolves,Bart Freundlich,"Michael Shannon, Carla Gugino, Taylor John Smith, Chris Bauer, John Douglas Thompson, Zazie Beetz, Wayne Duvall, Christopher Meyer, Richard Kohnke",United States,2016,R,18000000.0,0.0,90.0,290555.0,"Horror,Action,",Netflix
374,Would You Rather,David Guy Levy,"Brittany Snow, Jeffrey Combs, Jonny Coyne, Lawrence Gilliard Jr., Enver Gjokaj, Sasha Grey, John Heard, Charlie Hofheimer, Logan Miller, June Squibb, Eddie Steeples, Robin Lord Taylor, Robb Wells",United States,2013,R,0.0,0.0,93.0,97051.0,"Thriller,Horror,",Netflix
375,XX,"Jovanka Vuckovic, Annie Clark, Roxanne Benjamin, Karyn Kusama","Natalie Brown, Jonathan Watton, Melanie Lynskey, Lindsay Burdge, Sheila Vand, Casey Adams, Breeda Wool, Angela Trimbur, Morgan Krantz, Christina Kirk, Kyle Allen, Mike Doyle","Canada, United States",2017,R,0.0,30911.0,80.0,297160.0,"Horror,",Netflix
376,Yoga Hosers,Kevin Smith,"Harley Quinn Smith, Lily-Rose Depp, Johnny Depp, Justin Long, Austin Butler, Tyler Posey, Stan Lee, Jason Mewes, Adam Brody, Haley Joel Osment, Genesis Rodriguez",United States,2016,PG-13,5000000.0,0.0,88.0,290825.0,"Comedy,Fantasy,Horror,",Netflix
377,Zombieland,Ruben Fleischer,"Jesse Eisenberg, Woody Harrelson, Emma Stone, Abigail Breslin, Amber Heard, Bill Murray, Derek Graf",United States,2009,R,23600000.0,102391540.0,88.0,19908.0,"Comedy,Horror,",Netflix
